-- phpMyAdmin SQL Dump
-- version 4.9.0.1
-- https://www.phpmyadmin.net/
--
-- Host: 127.0.0.1
-- Generation Time: Aug 14, 2019 at 09:45 AM
-- Server version: 10.3.16-MariaDB
-- PHP Version: 7.1.30

SET SQL_MODE = "NO_AUTO_VALUE_ON_ZERO";
SET AUTOCOMMIT = 0;
START TRANSACTION;
SET time_zone = "+00:00";


/*!40101 SET @OLD_CHARACTER_SET_CLIENT=@@CHARACTER_SET_CLIENT */;
/*!40101 SET @OLD_CHARACTER_SET_RESULTS=@@CHARACTER_SET_RESULTS */;
/*!40101 SET @OLD_COLLATION_CONNECTION=@@COLLATION_CONNECTION */;
/*!40101 SET NAMES utf8mb4 */;

--
-- Database: `eapi`
--

-- --------------------------------------------------------

--
-- Table structure for table `migrations`
--

CREATE TABLE `migrations` (
  `id` int(10) UNSIGNED NOT NULL,
  `migration` varchar(255) COLLATE utf8mb4_unicode_ci NOT NULL,
  `batch` int(11) NOT NULL
) ENGINE=InnoDB DEFAULT CHARSET=utf8mb4 COLLATE=utf8mb4_unicode_ci;

--
-- Dumping data for table `migrations`
--

INSERT INTO `migrations` (`id`, `migration`, `batch`) VALUES
(1, '2014_10_12_000000_create_users_table', 1),
(2, '2014_10_12_100000_create_password_resets_table', 1),
(3, '2019_08_14_065415_create_products_table', 1),
(4, '2019_08_14_065442_create_reviews_table', 1);

-- --------------------------------------------------------

--
-- Table structure for table `password_resets`
--

CREATE TABLE `password_resets` (
  `email` varchar(255) COLLATE utf8mb4_unicode_ci NOT NULL,
  `token` varchar(255) COLLATE utf8mb4_unicode_ci NOT NULL,
  `created_at` timestamp NULL DEFAULT NULL
) ENGINE=InnoDB DEFAULT CHARSET=utf8mb4 COLLATE=utf8mb4_unicode_ci;

-- --------------------------------------------------------

--
-- Table structure for table `products`
--

CREATE TABLE `products` (
  `id` int(10) UNSIGNED NOT NULL,
  `name` varchar(255) COLLATE utf8mb4_unicode_ci NOT NULL,
  `detail` text COLLATE utf8mb4_unicode_ci NOT NULL,
  `price` int(11) NOT NULL,
  `stock` int(11) NOT NULL,
  `discount` int(11) NOT NULL,
  `created_at` timestamp NULL DEFAULT NULL,
  `updated_at` timestamp NULL DEFAULT NULL
) ENGINE=InnoDB DEFAULT CHARSET=utf8mb4 COLLATE=utf8mb4_unicode_ci;

--
-- Dumping data for table `products`
--

INSERT INTO `products` (`id`, `name`, `detail`, `price`, `stock`, `discount`, `created_at`, `updated_at`) VALUES
(1, 'consequatur', 'Quae architecto eos saepe rem ducimus et itaque quae. Quo architecto aut laboriosam atque nesciunt et. Voluptate sit voluptas sed ab.', 2314, 6, 9, '2019-08-14 02:12:24', '2019-08-14 02:12:24'),
(2, 'officia', 'Rerum sit sint quia cumque molestias doloribus quae. Odit incidunt sit quis natus totam nihil cumque. Nostrum aut sequi omnis fuga modi dolorum. Alias eveniet nemo repudiandae eum. Omnis enim molestias enim quisquam.', 923, 1, 38, '2019-08-14 02:12:24', '2019-08-14 02:12:24'),
(3, 'laborum', 'Fugiat praesentium et ullam deleniti consequatur nam fugiat. Dolore et tenetur aut voluptatem porro aliquam voluptates. Ratione voluptatum a deleniti reiciendis iusto doloremque nihil. Et velit animi ipsa vel accusantium.', 4725, 0, 28, '2019-08-14 02:12:24', '2019-08-14 02:12:24'),
(4, 'qui', 'Quis sed inventore nulla nulla tenetur modi non sit. Ducimus temporibus ex et magni tenetur. Ut molestiae adipisci iusto. Expedita aut sed necessitatibus quos ut.', 2757, 2, 18, '2019-08-14 02:12:24', '2019-08-14 02:12:24'),
(5, 'doloribus', 'Id est dolor cumque officia. Aspernatur perspiciatis expedita distinctio velit architecto recusandae sunt. Autem blanditiis et perspiciatis pariatur aut. Illo doloremque quisquam neque tempore ea veniam magni eos.', 1144, 6, 33, '2019-08-14 02:12:24', '2019-08-14 02:12:24'),
(6, 'eligendi', 'Et rerum molestias praesentium occaecati velit aliquam ipsa. Ut et et aut delectus voluptas perferendis eaque. At ut blanditiis incidunt eius. Deserunt nihil facere adipisci voluptate sit. Tempore vero enim ea voluptatibus quia odio in temporibus.', 272, 8, 36, '2019-08-14 02:12:24', '2019-08-14 02:12:24'),
(7, 'et', 'Eius autem accusamus minus. Maxime labore dolorem dolores. Magnam sit iste suscipit veniam doloremque autem molestiae sint.', 1758, 2, 23, '2019-08-14 02:12:24', '2019-08-14 02:12:24'),
(8, 'et', 'Deserunt saepe iste aut delectus debitis. Harum distinctio repudiandae possimus numquam hic. Sequi qui perspiciatis recusandae quos.', 3648, 8, 6, '2019-08-14 02:12:24', '2019-08-14 02:12:24'),
(9, 'quia', 'Possimus beatae maiores nisi atque quidem sit incidunt. Aut sed ut odio eveniet. Sed nulla consequuntur dolores maiores dolor totam id.', 354, 8, 28, '2019-08-14 02:12:24', '2019-08-14 02:12:24'),
(10, 'explicabo', 'Quia placeat totam optio magnam. Aperiam aut omnis in.', 4640, 3, 26, '2019-08-14 02:12:24', '2019-08-14 02:12:24'),
(11, 'quaerat', 'Est est quia repellendus et. Laborum consequatur quidem minima nobis.', 1122, 9, 3, '2019-08-14 02:12:24', '2019-08-14 02:12:24'),
(12, 'a', 'Numquam et consequatur est iste. Dolorem cum velit fugiat minus quia aut. Est sed sit nostrum adipisci. Voluptatibus accusantium fugiat natus blanditiis culpa et.', 1879, 6, 15, '2019-08-14 02:12:24', '2019-08-14 02:12:24'),
(13, 'hic', 'Tempore id voluptates consequatur assumenda quos. Incidunt dignissimos impedit architecto minima perspiciatis. Voluptas est rerum qui illo autem eaque.', 3032, 2, 31, '2019-08-14 02:12:24', '2019-08-14 02:12:24'),
(14, 'quia', 'Magni quis et ex. Consequatur saepe omnis ab consequatur dolor aut. Recusandae incidunt laudantium ullam cum tempore animi.', 3982, 1, 37, '2019-08-14 02:12:24', '2019-08-14 02:12:24'),
(15, 'nisi', 'Explicabo non eveniet et. Et perferendis iure iste. Ipsam illo et voluptatem repudiandae veritatis qui. Rerum qui occaecati et ea dolor accusantium.', 2097, 3, 7, '2019-08-14 02:12:24', '2019-08-14 02:12:24'),
(16, 'animi', 'Animi dolores quis nostrum nobis. Ea beatae non beatae repellendus. Itaque impedit excepturi harum sit eos. Accusamus cumque soluta nobis omnis iure similique.', 3152, 1, 27, '2019-08-14 02:12:24', '2019-08-14 02:12:24'),
(17, 'dolores', 'Fuga nulla autem ea quasi ut et consequatur. Et neque deleniti ea. Ab error error vitae aut.', 1078, 9, 29, '2019-08-14 02:12:24', '2019-08-14 02:12:24'),
(18, 'quidem', 'Molestiae mollitia pariatur quam. Eius laborum quia deleniti cupiditate rerum culpa et. Illo ab error iure sunt.', 3663, 9, 27, '2019-08-14 02:12:24', '2019-08-14 02:12:24'),
(19, 'itaque', 'Illo dolorem ex cumque officiis. Architecto quis et recusandae ex distinctio facilis. Blanditiis maxime qui molestias quo quia adipisci. Aliquid voluptas at doloribus fuga eos rerum ut aperiam.', 787, 0, 36, '2019-08-14 02:12:24', '2019-08-14 02:12:24'),
(20, 'molestiae', 'Qui labore eum quod quis quos deleniti voluptas. Dolor qui et vel voluptatum ducimus officiis est. Explicabo id asperiores ut eius aut placeat quam. Eum vitae occaecati molestias error.', 565, 3, 23, '2019-08-14 02:12:24', '2019-08-14 02:12:24'),
(21, 'sit', 'Et omnis voluptates deleniti ut provident aspernatur labore labore. Amet aliquid impedit est sequi quod et nisi quis.', 2686, 7, 2, '2019-08-14 02:12:24', '2019-08-14 02:12:24'),
(22, 'sapiente', 'Ipsa corporis eveniet autem enim consequatur veniam praesentium. Ex laborum provident nostrum veritatis et aliquam repellat. Aut eos et velit cumque.', 1855, 7, 4, '2019-08-14 02:12:24', '2019-08-14 02:12:24'),
(23, 'est', 'Ullam velit odit non sint sed. Magni est saepe sed delectus et. Id porro consectetur explicabo. Repudiandae sunt quidem dolorem ex dolor aut deserunt.', 4383, 1, 7, '2019-08-14 02:12:24', '2019-08-14 02:12:24'),
(24, 'iusto', 'Reprehenderit nihil accusamus asperiores ea sit itaque. Facilis beatae numquam in quod dolorem quia. Unde numquam quaerat et dolor. Voluptatem qui totam maiores accusamus consequatur placeat.', 2239, 4, 6, '2019-08-14 02:12:24', '2019-08-14 02:12:24'),
(25, 'explicabo', 'Magnam quidem voluptatem sed eveniet. Animi quis aut dignissimos maxime ut occaecati aliquam. Ut non ullam illo repudiandae iure consequatur. Odit sit ad eaque ut. Voluptatem voluptas beatae omnis sed.', 4679, 8, 28, '2019-08-14 02:12:24', '2019-08-14 02:12:24'),
(26, 'iste', 'Consectetur vitae culpa nostrum officiis magnam magnam voluptatem. Eligendi itaque provident earum qui officia ea.', 1398, 4, 2, '2019-08-14 02:12:24', '2019-08-14 02:12:24'),
(27, 'expedita', 'Tempora libero ut aut vel eum. Voluptatem voluptatum excepturi temporibus dolor et aut et. Exercitationem blanditiis saepe quis id qui praesentium accusamus. Rerum laudantium omnis reiciendis.', 649, 4, 39, '2019-08-14 02:12:24', '2019-08-14 02:12:24'),
(28, 'dignissimos', 'Eveniet quae porro consectetur nostrum ut quasi. Nesciunt perspiciatis minus at sit ut blanditiis. Labore voluptates cum maxime ut omnis. Nihil laudantium iste consequatur sint unde similique. Molestias recusandae nisi nisi dolorem minus.', 233, 2, 30, '2019-08-14 02:12:24', '2019-08-14 02:12:24'),
(29, 'sit', 'Et et dolor corporis est perspiciatis. Saepe qui optio dolores.', 3213, 5, 7, '2019-08-14 02:12:24', '2019-08-14 02:12:24'),
(30, 'temporibus', 'Voluptatibus non qui sunt. Placeat sed quae dolor est vitae quibusdam animi. Quis possimus harum aut ducimus facilis.', 1018, 8, 31, '2019-08-14 02:12:24', '2019-08-14 02:12:24'),
(31, 'est', 'Sequi magnam nihil dolor expedita sunt et. Consequatur inventore est eveniet inventore ut ab est. Esse sit enim maiores. Quia fugit dignissimos ut dolorem consequatur aut rerum. Nihil voluptate ut ut distinctio laborum.', 992, 1, 32, '2019-08-14 02:12:24', '2019-08-14 02:12:24'),
(32, 'quidem', 'A porro mollitia delectus possimus excepturi voluptatem. Rerum eveniet excepturi quidem. Ab aspernatur nisi pariatur neque id. Est atque aspernatur eius nobis.', 4461, 4, 13, '2019-08-14 02:12:24', '2019-08-14 02:12:24'),
(33, 'eum', 'Modi laboriosam aut repellendus est exercitationem. Eos aut minus magnam ea. Eos natus consectetur eligendi esse iste.', 4144, 1, 17, '2019-08-14 02:12:24', '2019-08-14 02:12:24'),
(34, 'magni', 'Fugiat optio ducimus et dicta. Deserunt id facilis culpa laboriosam eum. Aspernatur quidem velit accusantium reiciendis explicabo deleniti veniam architecto. Placeat aspernatur velit rerum ipsam similique accusantium enim.', 184, 7, 8, '2019-08-14 02:12:24', '2019-08-14 02:12:24'),
(35, 'voluptas', 'Incidunt occaecati quae et id exercitationem. Repellendus reprehenderit soluta dolore dolorem et quo. Eaque repellendus repellat vel quam porro cum.', 4498, 8, 22, '2019-08-14 02:12:24', '2019-08-14 02:12:24'),
(36, 'quasi', 'Fugiat similique illum culpa sit. Et tempora dicta sit voluptatibus voluptatum similique. Voluptatem repudiandae voluptas eos nihil inventore.', 1461, 9, 27, '2019-08-14 02:12:24', '2019-08-14 02:12:24'),
(37, 'quidem', 'Corrupti eligendi non molestias voluptatibus praesentium. Consectetur est ut iure incidunt tempore architecto nihil.', 1040, 2, 10, '2019-08-14 02:12:24', '2019-08-14 02:12:24'),
(38, 'aut', 'Reiciendis est occaecati et doloremque ipsam est. Accusamus delectus dignissimos qui. Exercitationem impedit et ipsa velit soluta aut. Quasi dolore amet blanditiis non aliquid rerum. Ipsa quia est tempore quam in.', 2659, 4, 10, '2019-08-14 02:12:24', '2019-08-14 02:12:24'),
(39, 'laboriosam', 'Ut placeat ex voluptatem perferendis libero voluptatem quibusdam. Voluptas id est quod nesciunt et dicta. Asperiores cumque quae rerum natus neque. Ipsum odit sed eius ut nemo autem rerum.', 4540, 2, 13, '2019-08-14 02:12:24', '2019-08-14 02:12:24'),
(40, 'facere', 'Repellendus nobis est repudiandae. Quis repellendus unde exercitationem veniam nisi qui. Maxime autem ut aut mollitia dolores libero.', 4286, 6, 14, '2019-08-14 02:12:24', '2019-08-14 02:12:24'),
(41, 'nulla', 'Quo facilis repellendus molestiae ipsa. Harum impedit qui architecto dolores. Iste aperiam nisi reiciendis reprehenderit mollitia sint corporis. Alias et dolores ducimus rerum molestiae facilis sit.', 1439, 5, 15, '2019-08-14 02:12:24', '2019-08-14 02:12:24'),
(42, 'error', 'Incidunt sint et qui quis. Facilis ea quod laborum eveniet amet saepe. Excepturi excepturi nemo culpa sunt dolorem. Hic quibusdam expedita inventore consequatur blanditiis eaque.', 4234, 8, 28, '2019-08-14 02:12:24', '2019-08-14 02:12:24'),
(43, 'tempore', 'Praesentium aut tenetur corrupti nemo rerum. Inventore quasi quod in architecto dolore et sint fugit. Aut assumenda aliquid eos pariatur qui. Accusamus quo voluptatem vel velit voluptatem at et ad.', 1163, 8, 13, '2019-08-14 02:12:24', '2019-08-14 02:12:24'),
(44, 'aut', 'Rem qui in voluptate. Nihil ea tempore exercitationem eligendi dolores voluptatibus deleniti ratione. Minus necessitatibus vitae repellat dolorem fugit. Rerum voluptas fugit facere error.', 4031, 4, 35, '2019-08-14 02:12:24', '2019-08-14 02:12:24'),
(45, 'ad', 'Velit excepturi incidunt magnam. Cum repellat placeat sed eveniet dolor.', 1061, 5, 20, '2019-08-14 02:12:24', '2019-08-14 02:12:24'),
(46, 'ratione', 'Sit voluptatem perspiciatis nisi adipisci rem pariatur. Nihil possimus temporibus aperiam et. Inventore vel animi aliquam labore. Occaecati aut necessitatibus sint accusantium.', 1083, 6, 40, '2019-08-14 02:12:24', '2019-08-14 02:12:24'),
(47, 'sint', 'Error sed placeat cum accusantium atque corporis id est. Minima eveniet laborum et nisi alias sed. Sed ipsam tenetur ut nulla quidem et.', 4909, 1, 19, '2019-08-14 02:12:24', '2019-08-14 02:12:24'),
(48, 'voluptates', 'Illum animi quo cum aut soluta. Ipsa iure dolorum doloremque. Eos fugiat non molestiae nulla.', 2977, 6, 11, '2019-08-14 02:12:24', '2019-08-14 02:12:24'),
(49, 'aut', 'Amet possimus tenetur sunt id minima voluptatem sed alias. Suscipit rem repellendus esse culpa quis voluptas. Repellendus consequatur sunt magnam laudantium enim omnis tempora. Et nemo voluptas doloremque.', 1117, 2, 33, '2019-08-14 02:12:24', '2019-08-14 02:12:24'),
(50, 'veniam', 'Facilis unde aut ut sunt non dolor soluta perferendis. Ratione cupiditate minus totam voluptas et.', 1118, 4, 2, '2019-08-14 02:12:24', '2019-08-14 02:12:24');

-- --------------------------------------------------------

--
-- Table structure for table `reviews`
--

CREATE TABLE `reviews` (
  `id` int(10) UNSIGNED NOT NULL,
  `product_id` int(10) UNSIGNED NOT NULL,
  `customer` varchar(255) COLLATE utf8mb4_unicode_ci NOT NULL,
  `review` text COLLATE utf8mb4_unicode_ci NOT NULL,
  `star` int(11) NOT NULL,
  `created_at` timestamp NULL DEFAULT NULL,
  `updated_at` timestamp NULL DEFAULT NULL
) ENGINE=InnoDB DEFAULT CHARSET=utf8mb4 COLLATE=utf8mb4_unicode_ci;

--
-- Dumping data for table `reviews`
--

INSERT INTO `reviews` (`id`, `product_id`, `customer`, `review`, `star`, `created_at`, `updated_at`) VALUES
(1, 19, 'Treva Anderson', 'Autem necessitatibus recusandae sit quo non illum. Voluptatum rerum est tempora et. Ut ad consequatur quisquam sunt qui.', 5, '2019-08-14 02:12:25', '2019-08-14 02:12:25'),
(2, 42, 'Prof. Brandi Mosciski MD', 'Doloremque dicta quidem sapiente deserunt. Neque ipsam temporibus delectus omnis. Non ipsa rem iste ducimus dolor itaque. In veniam odit occaecati deleniti sunt illum.', 4, '2019-08-14 02:12:25', '2019-08-14 02:12:25'),
(3, 32, 'Jovani Crist', 'Vel ut sunt id ab. Repudiandae consequuntur reprehenderit ut. Aut eos ab ipsum tempore ut. Reiciendis dolorem sapiente qui aut ducimus.', 5, '2019-08-14 02:12:25', '2019-08-14 02:12:25'),
(4, 16, 'Anna Kuvalis', 'Eaque est est asperiores modi. Praesentium incidunt nisi odio qui consequatur accusantium odit. Sint qui officia ipsum porro odio. Ipsam recusandae sit dolores.', 5, '2019-08-14 02:12:25', '2019-08-14 02:12:25'),
(5, 45, 'Ole O\'Reilly', 'Tempora voluptatem perferendis est pariatur et eum eaque omnis. Sit facilis id voluptas est placeat. Ipsam mollitia sint accusantium est possimus eveniet. Aspernatur sit voluptatibus est.', 3, '2019-08-14 02:12:25', '2019-08-14 02:12:25'),
(6, 6, 'Dakota Swift', 'Minima qui cupiditate eligendi aperiam. Voluptatibus quae aliquid fuga doloremque provident harum corporis. Accusamus sunt quo et eius fugit ut facere. Quas quia ducimus vel aut repellendus.', 0, '2019-08-14 02:12:25', '2019-08-14 02:12:25'),
(7, 6, 'Bernhard Schimmel', 'Rerum odio libero eaque et repellendus. Hic tempore sit molestias. Consectetur nesciunt fugit eos molestiae vel natus rerum.', 1, '2019-08-14 02:12:25', '2019-08-14 02:12:25'),
(8, 37, 'Nelson Hand', 'Ut ut ex porro quae minus animi quae. Eius reprehenderit minus quam. Ut sunt velit aut.', 0, '2019-08-14 02:12:25', '2019-08-14 02:12:25'),
(9, 33, 'John Ullrich', 'Facilis dolore aperiam vero consequatur architecto quos exercitationem. Non et enim qui non deleniti. Nisi doloribus ut debitis et laudantium assumenda. Velit aut voluptates quam earum autem aut.', 1, '2019-08-14 02:12:25', '2019-08-14 02:12:25'),
(10, 2, 'Breanna Gusikowski I', 'Aut nostrum occaecati sed magni at. Non autem nemo nam corporis omnis molestiae a amet. Alias vel est amet quasi quasi.', 2, '2019-08-14 02:12:25', '2019-08-14 02:12:25'),
(11, 31, 'Tyree Williamson', 'Ut quae nostrum et. Consectetur esse est mollitia. Repellendus magnam et similique eum. Dicta similique earum illo.', 1, '2019-08-14 02:12:25', '2019-08-14 02:12:25'),
(12, 17, 'Nona Fisher', 'Inventore consequatur voluptatem est debitis iste saepe. Qui esse corporis est beatae dicta consequatur. Nesciunt error non magnam aperiam corrupti saepe. Ut iusto a sit unde.', 1, '2019-08-14 02:12:25', '2019-08-14 02:12:25'),
(13, 46, 'Norene Nikolaus I', 'Facilis aut sed est modi. Est praesentium accusantium quos voluptates consequatur autem corrupti. Qui alias odio atque laboriosam quisquam. Iure et consectetur ea sequi rerum iusto.', 2, '2019-08-14 02:12:25', '2019-08-14 02:12:25'),
(14, 1, 'Mr. Lonnie Hirthe', 'Accusantium minima adipisci eos pariatur perferendis et. Libero velit corrupti deserunt neque et reiciendis ipsa. Voluptas nemo voluptas ut aliquam sint hic neque. Magni sit enim suscipit ut.', 4, '2019-08-14 02:12:25', '2019-08-14 02:12:25'),
(15, 45, 'Violette Casper', 'Dicta optio nihil cumque perspiciatis aut in. Neque corrupti asperiores consequuntur asperiores cupiditate quas. Tempora accusamus accusamus excepturi porro.', 2, '2019-08-14 02:12:25', '2019-08-14 02:12:25'),
(16, 8, 'Eloise Corkery', 'Saepe quod aperiam cupiditate fugit doloribus exercitationem. Dolorem rerum fugit veritatis sint. Consequatur sed iure aperiam quibusdam voluptatem quia aspernatur.', 3, '2019-08-14 02:12:25', '2019-08-14 02:12:25'),
(17, 35, 'Jerel Reichert', 'Totam nulla atque voluptatibus cumque et exercitationem. Pariatur culpa et eaque blanditiis sequi quod quod. Quo sed rerum aut aut.', 5, '2019-08-14 02:12:25', '2019-08-14 02:12:25'),
(18, 21, 'Kaitlyn Gibson', 'Voluptatem occaecati nesciunt fuga suscipit ad a. Id quidem est consectetur tempora deserunt. Quisquam rerum tenetur reprehenderit quam exercitationem.', 2, '2019-08-14 02:12:25', '2019-08-14 02:12:25'),
(19, 40, 'Victoria Torp I', 'Deserunt cum rem quisquam qui sint. Inventore commodi atque quia et ea doloribus. Laudantium assumenda aspernatur beatae nam.', 5, '2019-08-14 02:12:25', '2019-08-14 02:12:25'),
(20, 29, 'Maximo Harber', 'Ut fugit vel doloribus velit adipisci assumenda labore. Rerum qui possimus molestias voluptatem asperiores sint ipsa minus. Laboriosam delectus eius aut eius amet aspernatur recusandae. Tempora aspernatur et aut molestiae ab.', 4, '2019-08-14 02:12:25', '2019-08-14 02:12:25'),
(21, 15, 'Prof. Garth Wolf V', 'Porro possimus et maxime possimus voluptatum. Nihil ut laudantium quia atque quaerat ducimus. Qui ducimus qui quisquam rem vel quisquam asperiores.', 0, '2019-08-14 02:12:25', '2019-08-14 02:12:25'),
(22, 36, 'Jeffery Zboncak', 'Saepe mollitia cumque quia modi. Consequuntur ea sed aliquid. Amet omnis eaque fuga sunt reiciendis debitis eligendi ut.', 2, '2019-08-14 02:12:25', '2019-08-14 02:12:25'),
(23, 30, 'Thad Lowe', 'Inventore ut qui rem autem. Corporis iure qui eos odit laboriosam voluptas quae aut. Quasi vitae harum quia laudantium voluptas ut et.', 3, '2019-08-14 02:12:25', '2019-08-14 02:12:25'),
(24, 6, 'Dr. Tyrique Goldner', 'Nemo at vitae illum tenetur sed ducimus soluta qui. Ut voluptatem ut vel aut aut porro odio. Omnis voluptatem consequatur enim ut.', 0, '2019-08-14 02:12:25', '2019-08-14 02:12:25'),
(25, 45, 'Ayana Murazik', 'Numquam quidem odio fugit sint illum ex ad enim. Quasi eaque perferendis quam beatae non quia nesciunt. Cumque recusandae soluta nesciunt.', 3, '2019-08-14 02:12:25', '2019-08-14 02:12:25'),
(26, 22, 'Cristian Nolan', 'Facere et dolores ab modi aut. Et voluptas eveniet eum qui. Quos corrupti enim laudantium maiores.', 0, '2019-08-14 02:12:25', '2019-08-14 02:12:25'),
(27, 46, 'Mrs. Imogene Deckow Sr.', 'Quia voluptatem officia quis modi. Voluptatum consectetur accusantium qui qui provident. Saepe velit omnis est deleniti et qui.', 3, '2019-08-14 02:12:25', '2019-08-14 02:12:25'),
(28, 44, 'Ansley Auer', 'Facilis enim qui blanditiis dolores nihil sapiente nam. Sed rerum aliquam ea sed. Fuga id fugit et excepturi ab repellat. Et possimus et omnis est voluptatibus autem. Reprehenderit dolorem id et nostrum.', 4, '2019-08-14 02:12:25', '2019-08-14 02:12:25'),
(29, 36, 'Mr. Rodger Leffler V', 'Et et officia velit deserunt molestiae quo odio veritatis. Molestiae minus iusto maiores. Dolorum soluta maiores quidem quo et.', 1, '2019-08-14 02:12:25', '2019-08-14 02:12:25'),
(30, 36, 'Myles Block', 'Blanditiis aut id quis eum. Blanditiis suscipit velit non et assumenda. Non omnis sint tempora quod deleniti non et.', 3, '2019-08-14 02:12:25', '2019-08-14 02:12:25'),
(31, 33, 'Claudie Stark', 'Vero est facere tempora impedit sint hic quia voluptatum. Impedit qui unde quisquam maiores. Molestias est commodi ut ab nisi impedit accusantium quis.', 0, '2019-08-14 02:12:25', '2019-08-14 02:12:25'),
(32, 41, 'Adeline Stracke I', 'Aut vitae voluptas ad non. Molestias tenetur molestiae in quo debitis fugiat. Adipisci soluta et ea vel quia voluptates cum. Reiciendis est qui provident laboriosam inventore.', 1, '2019-08-14 02:12:25', '2019-08-14 02:12:25'),
(33, 39, 'Wendy Dare', 'Nihil eum excepturi adipisci eveniet omnis. Vero quae autem sunt eos. Mollitia eius voluptas enim ad dolorem ea minus. Ut qui vero inventore et.', 4, '2019-08-14 02:12:25', '2019-08-14 02:12:25'),
(34, 39, 'Dr. Abbie Feest II', 'Illo numquam consequuntur nihil ducimus odio iure qui repellendus. Hic culpa quia maxime.', 5, '2019-08-14 02:12:25', '2019-08-14 02:12:25'),
(35, 27, 'Dr. Jodie Murray DDS', 'Dicta necessitatibus sit et sint. Tempora corrupti est velit sapiente sint porro veritatis. Ut error fugiat provident rerum eos quod.', 0, '2019-08-14 02:12:25', '2019-08-14 02:12:25'),
(36, 8, 'Prof. Chance Upton PhD', 'In maxime omnis dolore debitis magnam. Aliquid non dolores beatae qui enim perferendis provident. Necessitatibus voluptatem et amet dolorem vel dicta. Doloribus ex aut odit est sit.', 5, '2019-08-14 02:12:25', '2019-08-14 02:12:25'),
(37, 22, 'Prof. Nickolas White DVM', 'Voluptates voluptatum quidem nobis consequatur. Itaque officiis modi sunt omnis. Earum est ex odio sequi voluptates sit aut.', 2, '2019-08-14 02:12:25', '2019-08-14 02:12:25'),
(38, 5, 'Estel Greenholt', 'Id neque perferendis aut amet iure ut quia. Et officiis et veritatis consequatur voluptatem. Magnam molestias atque corporis sapiente rerum ab.', 5, '2019-08-14 02:12:25', '2019-08-14 02:12:25'),
(39, 42, 'Mr. Hayden Schiller', 'Recusandae possimus similique laboriosam eaque ut sit nobis. Non modi et corporis voluptatem quo. Placeat sint quam molestias aut aliquid porro. Molestiae repellat qui cum harum est magni culpa.', 4, '2019-08-14 02:12:25', '2019-08-14 02:12:25'),
(40, 37, 'Velda Corkery', 'Magnam et explicabo et. Id laudantium nesciunt perferendis ut sapiente quo. Optio corporis tempora repellendus.', 3, '2019-08-14 02:12:25', '2019-08-14 02:12:25'),
(41, 35, 'Emmet Schaefer', 'Ullam ut quaerat et ab exercitationem et. Voluptate possimus consequatur architecto. Esse voluptatem dolor sint veritatis blanditiis odit distinctio est. Nisi ea quia cupiditate.', 5, '2019-08-14 02:12:25', '2019-08-14 02:12:25'),
(42, 40, 'Mrs. Antonetta Funk III', 'Expedita nulla commodi quia. Natus nam commodi molestiae nesciunt. Rerum ea aperiam quam cum. Dolorum eveniet qui suscipit aut est.', 5, '2019-08-14 02:12:25', '2019-08-14 02:12:25'),
(43, 14, 'Dr. Rene Hoppe', 'Maxime perspiciatis ut consequatur nesciunt quam sint omnis similique. Hic excepturi et voluptatibus ut sint consequatur odio. Consequatur est accusamus quas reiciendis. Deleniti cumque quaerat earum nihil beatae.', 4, '2019-08-14 02:12:25', '2019-08-14 02:12:25'),
(44, 4, 'Dashawn Brekke', 'Autem voluptas eos id autem sequi nulla et. Corrupti et quo quos quisquam voluptas. Ut voluptatem et quia minus. Aliquid qui voluptas autem aut quisquam.', 0, '2019-08-14 02:12:25', '2019-08-14 02:12:25'),
(45, 21, 'Prof. Lukas Pollich', 'Facere quasi dolore ut dolores exercitationem enim dolor. Aperiam temporibus non non deleniti. Quo animi dolore quibusdam harum non.', 4, '2019-08-14 02:12:25', '2019-08-14 02:12:25'),
(46, 44, 'Adolf Sipes', 'Voluptatem delectus dolores est excepturi magni facilis. Voluptatem qui suscipit sint aliquam rerum. Placeat incidunt atque quae voluptatem explicabo.', 1, '2019-08-14 02:12:25', '2019-08-14 02:12:25'),
(47, 2, 'Geoffrey Torp', 'Quidem esse hic impedit aut sit. Distinctio sit laudantium non voluptatem. Voluptatem quam omnis dolores veritatis ut repellendus.', 2, '2019-08-14 02:12:25', '2019-08-14 02:12:25'),
(48, 50, 'Dr. Ashlee Greenholt', 'At eos quo culpa asperiores laborum molestias autem. Animi quis repellat ut labore magnam maiores animi.', 5, '2019-08-14 02:12:25', '2019-08-14 02:12:25'),
(49, 29, 'Heaven Moen', 'Cumque facilis ducimus voluptatem magnam qui est. Eveniet sed minus voluptatem quas. Ipsam laborum explicabo molestias cum dolorem aliquam. Fugit autem reprehenderit expedita iste.', 5, '2019-08-14 02:12:25', '2019-08-14 02:12:25'),
(50, 13, 'Jarrett Donnelly', 'Qui aperiam fugiat aut modi inventore. Dolores non esse voluptas similique adipisci. Assumenda veniam officiis aut consequatur sapiente facere ipsum. Cumque excepturi ut repellendus maxime sed sunt.', 4, '2019-08-14 02:12:25', '2019-08-14 02:12:25'),
(51, 33, 'Ms. Mara Walker II', 'Nesciunt et voluptatem voluptatem corporis dolores dolores. Numquam consequatur voluptas voluptate. Aut ut expedita minus hic et provident omnis. Doloremque quidem eum et molestiae harum.', 3, '2019-08-14 02:12:25', '2019-08-14 02:12:25'),
(52, 10, 'Mauricio Cronin II', 'In voluptates reprehenderit mollitia officia autem consequatur. Inventore pariatur aut atque temporibus vero blanditiis nihil. Expedita ab quidem voluptatum quia et.', 4, '2019-08-14 02:12:25', '2019-08-14 02:12:25'),
(53, 4, 'Sabryna Nitzsche', 'Quasi reiciendis optio velit esse qui et ut. Aut velit in doloribus rerum est doloribus. Quo error cumque facere velit ex reiciendis possimus. Quia commodi repudiandae vitae officia sunt repudiandae. Facilis vero ipsam non voluptatem quo consequatur sed.', 5, '2019-08-14 02:12:25', '2019-08-14 02:12:25'),
(54, 40, 'Mrs. Celia Jacobi Sr.', 'Magni reprehenderit similique eos quia. Magnam aut et dicta iste repellat numquam. Cumque autem enim explicabo.', 5, '2019-08-14 02:12:25', '2019-08-14 02:12:25'),
(55, 19, 'Alessandra Pfeffer', 'Rem qui et dignissimos unde quia omnis esse. Dolorem doloremque eius itaque ipsa accusamus occaecati. Consequatur nesciunt esse maxime sit sed quisquam magnam.', 2, '2019-08-14 02:12:25', '2019-08-14 02:12:25'),
(56, 46, 'Lemuel Smith Sr.', 'Harum et at natus ut animi eum non. Ea rerum culpa aliquam perspiciatis. Voluptatum veniam eum et voluptatem molestiae ea possimus. Saepe nihil tempore veniam assumenda.', 1, '2019-08-14 02:12:25', '2019-08-14 02:12:25'),
(57, 22, 'Rhoda Miller', 'Voluptatem quibusdam consequuntur eius eum. Eaque nihil voluptatem in distinctio dignissimos fugit ratione. Doloremque qui possimus rem dolorem iure cumque.', 4, '2019-08-14 02:12:25', '2019-08-14 02:12:25'),
(58, 9, 'Pascale Kautzer', 'Velit blanditiis praesentium optio. Ducimus eligendi dolor blanditiis voluptatem vitae omnis tempore voluptatem. Qui dolore eos et dolorem illum facere rerum. Occaecati illo officia aspernatur.', 5, '2019-08-14 02:12:25', '2019-08-14 02:12:25'),
(59, 42, 'Ms. Dannie Rippin III', 'Asperiores rem fuga est et repellendus. Provident omnis omnis ad. Omnis hic tempore reprehenderit ipsam consequatur delectus velit odio. Ut doloremque id expedita dolorem quas veniam.', 5, '2019-08-14 02:12:25', '2019-08-14 02:12:25'),
(60, 32, 'Dr. Norris Reynolds PhD', 'Ea aspernatur facilis ab. Sint harum in dolorem sunt natus culpa nostrum accusantium. Delectus et pariatur neque voluptate ut. Accusantium ut magnam voluptates fugit et dolor.', 4, '2019-08-14 02:12:25', '2019-08-14 02:12:25'),
(61, 21, 'Parker Streich MD', 'Ex amet atque reprehenderit perspiciatis. Et quisquam odit non. Voluptate nesciunt aspernatur ipsam at aut. Sed et rem omnis nemo aut.', 4, '2019-08-14 02:12:25', '2019-08-14 02:12:25'),
(62, 1, 'Julien Weber', 'Similique quos quia animi. Velit in voluptas officiis ab sed occaecati asperiores libero. Voluptatem reprehenderit laboriosam quaerat ea. Accusamus doloremque quo natus at nisi nobis.', 1, '2019-08-14 02:12:25', '2019-08-14 02:12:25'),
(63, 21, 'Irwin Dibbert II', 'Quas ex adipisci a velit non. Molestias reiciendis consequatur enim eligendi dolore vero enim. Nostrum qui eius molestias repellendus amet ut ratione architecto. Soluta sit expedita ut minima temporibus corrupti nulla.', 0, '2019-08-14 02:12:25', '2019-08-14 02:12:25'),
(64, 5, 'Alvena Nitzsche', 'Dolorum at veniam omnis id ut. Sint reprehenderit velit consequuntur vero aspernatur omnis. Distinctio necessitatibus dolorem recusandae quo voluptates nihil quos. Libero labore ratione deserunt necessitatibus est fugit consectetur.', 1, '2019-08-14 02:12:25', '2019-08-14 02:12:25'),
(65, 26, 'Hortense Strosin', 'Est excepturi itaque suscipit numquam repellat labore officiis atque. Dolores consectetur quidem quaerat consequatur. Repellat praesentium eveniet magnam aut ullam.', 2, '2019-08-14 02:12:25', '2019-08-14 02:12:25'),
(66, 22, 'Eleazar Davis', 'Repudiandae officia occaecati commodi soluta cupiditate quibusdam est. Id dolores consectetur voluptates quasi ut. Sit aut totam est. Eos error consectetur in consequatur.', 2, '2019-08-14 02:12:25', '2019-08-14 02:12:25'),
(67, 16, 'Dr. Jevon Rutherford', 'Reiciendis debitis quia saepe velit et. Minima provident reiciendis unde minus quia earum.', 1, '2019-08-14 02:12:25', '2019-08-14 02:12:25'),
(68, 4, 'Ressie Bogan', 'Nihil consectetur ipsa iure mollitia qui esse porro. Adipisci in qui nemo. Odio vel aut maxime omnis delectus iure nobis.', 1, '2019-08-14 02:12:25', '2019-08-14 02:12:25'),
(69, 18, 'Dana Bayer', 'Velit exercitationem eius debitis in blanditiis sequi. Sunt enim quam quisquam tempora sunt. Accusantium optio repellat autem ad nihil. Nihil aspernatur odio corrupti dicta enim fugit. A est labore quia amet facere.', 3, '2019-08-14 02:12:25', '2019-08-14 02:12:25'),
(70, 3, 'Janet Leffler', 'Molestias aspernatur distinctio id quam distinctio omnis doloremque. Dolor dolores enim enim. Nobis et in earum quaerat quia vero. Illum aliquid itaque nihil sed aliquid sed.', 5, '2019-08-14 02:12:25', '2019-08-14 02:12:25'),
(71, 19, 'Lillie Stokes', 'Sit quo nostrum ab neque pariatur illo sit. Quia incidunt sequi cumque necessitatibus. Accusamus distinctio cumque ullam at magnam perspiciatis. Pariatur maxime tempore velit. Necessitatibus deleniti dolorem aut non.', 3, '2019-08-14 02:12:25', '2019-08-14 02:12:25'),
(72, 2, 'Zackery Schaden', 'Quidem fugiat tempore culpa iure minima facere. Assumenda veritatis hic dolor. Fugiat architecto illo voluptate deleniti. Voluptatem dolorem necessitatibus et nam ut.', 5, '2019-08-14 02:12:25', '2019-08-14 02:12:25'),
(73, 35, 'Raphaelle Hilpert', 'Dolorem veritatis modi pariatur eveniet non laborum molestias enim. Quae esse consequuntur doloremque vel omnis. Numquam illo dolorum ratione nam inventore quis consequatur quisquam.', 3, '2019-08-14 02:12:25', '2019-08-14 02:12:25'),
(74, 32, 'Barrett Boyer', 'Consequatur porro rerum cupiditate vel voluptatem voluptates. Consequatur deserunt qui consectetur ducimus et maiores. Vitae praesentium dolores repudiandae aliquid maiores dolor.', 1, '2019-08-14 02:12:25', '2019-08-14 02:12:25'),
(75, 32, 'Dr. Elaina Moore', 'Neque aspernatur enim vel saepe cum facilis. Dolorem id enim assumenda molestias nulla facere at. Illo rerum autem eum enim eveniet commodi.', 3, '2019-08-14 02:12:25', '2019-08-14 02:12:25'),
(76, 16, 'Rico Keeling', 'Quos in dolor accusamus et consectetur. Veritatis dicta sit in sunt. Deserunt sapiente dolorum sed architecto nulla et qui.', 4, '2019-08-14 02:12:25', '2019-08-14 02:12:25'),
(77, 11, 'Hubert Bayer', 'Animi expedita enim velit et. Ea saepe saepe harum vel reiciendis numquam quibusdam. Id vero omnis voluptas numquam. Provident et laborum illum dolorum dolorem.', 5, '2019-08-14 02:12:25', '2019-08-14 02:12:25'),
(78, 29, 'Marcelino Moore', 'Beatae nesciunt sed reiciendis blanditiis quia odio. Rerum id reiciendis fugit culpa. Est vel est distinctio quia culpa quia dolorem omnis. Sunt odit repudiandae velit deserunt cumque error.', 1, '2019-08-14 02:12:25', '2019-08-14 02:12:25'),
(79, 8, 'Duncan Schroeder', 'Quos atque veritatis ex esse quo aliquid pariatur. Non omnis laudantium eum aspernatur. Sit excepturi facilis reiciendis nesciunt sunt illum culpa cumque.', 4, '2019-08-14 02:12:25', '2019-08-14 02:12:25'),
(80, 26, 'Monroe Reilly', 'Ducimus voluptatem repellat consequatur et eius. Sunt quod velit et voluptatum. Optio id dolores id commodi in sed voluptates. Reprehenderit dolorum inventore quia culpa aperiam perspiciatis.', 0, '2019-08-14 02:12:25', '2019-08-14 02:12:25'),
(81, 9, 'Mrs. Abbie Bernier', 'Consectetur porro voluptas sed blanditiis aut numquam aut. Molestiae aut rerum hic omnis exercitationem ex dolorem. Id quo debitis ut quaerat accusamus qui. In saepe at beatae ut debitis.', 4, '2019-08-14 02:12:25', '2019-08-14 02:12:25'),
(82, 7, 'Ceasar Blick DDS', 'Ea odit deleniti voluptatem officiis et rem. Voluptatem rerum mollitia exercitationem incidunt dolore magni ullam. Eius dolores pariatur eos repellat facilis.', 1, '2019-08-14 02:12:25', '2019-08-14 02:12:25'),
(83, 32, 'Mrs. Genoveva Stanton', 'Odio nulla libero atque nesciunt sed. Soluta nobis voluptate eius quasi vitae at. Nisi repudiandae quas quo laboriosam nulla sed illo. Vero reiciendis mollitia facilis qui voluptas consequatur.', 5, '2019-08-14 02:12:25', '2019-08-14 02:12:25'),
(84, 24, 'Damaris Kassulke', 'Saepe sunt quis corrupti ea ut sit et. Nihil non natus voluptatem aliquid impedit. Nesciunt sint et molestiae aliquid.', 5, '2019-08-14 02:12:25', '2019-08-14 02:12:25'),
(85, 27, 'Dr. Ernesto Bailey', 'Et et reprehenderit officiis non libero voluptatem voluptatem et. Autem mollitia cum quia et nihil aperiam quos laboriosam. Sint eos tempore rerum ut aut rerum sint. Voluptas quis quis dolores eaque similique quasi.', 2, '2019-08-14 02:12:25', '2019-08-14 02:12:25'),
(86, 8, 'Dr. Mazie McCullough III', 'Rerum autem et molestias iusto sit laborum consequatur. Dolorem voluptatem quisquam maiores. Aspernatur rem cumque non est porro.', 0, '2019-08-14 02:12:25', '2019-08-14 02:12:25'),
(87, 8, 'Prof. Katharina Mohr DDS', 'Et commodi et iste rerum dolor sit consequuntur. Vel ad dignissimos sit possimus. Quas qui optio dignissimos nam. Pariatur dolorem dolor fugit beatae totam et. Assumenda expedita ea ullam ut enim hic illo.', 2, '2019-08-14 02:12:25', '2019-08-14 02:12:25'),
(88, 4, 'Marguerite Roob', 'Voluptatem porro qui rerum aut est quis. Perferendis voluptas placeat laboriosam dolorem omnis. Est et quibusdam voluptates consectetur.', 5, '2019-08-14 02:12:25', '2019-08-14 02:12:25'),
(89, 2, 'Serenity Volkman', 'Dolores dolorem explicabo nostrum sapiente. Tempore tempore necessitatibus exercitationem doloremque. Eveniet beatae quaerat molestiae unde laudantium quod. Sit rerum nisi optio inventore.', 1, '2019-08-14 02:12:25', '2019-08-14 02:12:25'),
(90, 35, 'Kareem Kuphal', 'Odit possimus autem itaque doloribus quia quod. Eum voluptate quis maiores totam voluptas ipsa quibusdam expedita. Quas sunt veniam voluptates vero consequuntur labore.', 2, '2019-08-14 02:12:25', '2019-08-14 02:12:25'),
(91, 11, 'Miss Rhoda Muller PhD', 'Velit optio repellendus facilis consectetur. Qui sed eligendi vero sed similique tempore rem tempora. Consectetur aut quas repudiandae beatae ea asperiores dolore.', 0, '2019-08-14 02:12:25', '2019-08-14 02:12:25'),
(92, 8, 'Nyah Nicolas', 'Autem nam tempora unde facilis. Quod doloribus libero accusamus inventore voluptatem sed. Et dolore ut non. Dolores iure possimus debitis.', 5, '2019-08-14 02:12:25', '2019-08-14 02:12:25'),
(93, 5, 'Miss Cordie Runolfsdottir Jr.', 'Et cumque omnis facilis sapiente assumenda excepturi. Iure aut ea molestias rerum. Amet harum deserunt et libero maiores. Molestiae pariatur non eaque impedit sint odio.', 0, '2019-08-14 02:12:25', '2019-08-14 02:12:25'),
(94, 50, 'Antonio Marquardt', 'Aut dolorum exercitationem qui fugiat dolorem. Libero inventore dolore ut dolores dolores odit quidem. Architecto ut laboriosam ut ipsa sunt tempore odio.', 5, '2019-08-14 02:12:25', '2019-08-14 02:12:25'),
(95, 44, 'Mr. Gianni Fisher II', 'Repudiandae omnis nesciunt qui officiis repudiandae eum corrupti. Placeat voluptatem quaerat alias iste voluptatum. Unde vitae fugiat debitis et suscipit illo. A autem ullam ut ut quia quas.', 5, '2019-08-14 02:12:25', '2019-08-14 02:12:25'),
(96, 45, 'Elenora Orn', 'Ratione autem eius suscipit eos voluptates labore. Ea id repellat sed nesciunt occaecati modi vel optio. Facere enim voluptas aut eum. Perspiciatis sunt perspiciatis culpa itaque et.', 5, '2019-08-14 02:12:25', '2019-08-14 02:12:25'),
(97, 43, 'Dr. Martin Schmeler', 'Saepe consequuntur omnis tempora iusto suscipit et occaecati consectetur. Rem amet eius accusantium et.', 5, '2019-08-14 02:12:25', '2019-08-14 02:12:25'),
(98, 39, 'Jodie Kuhn', 'Dolores blanditiis maiores qui repellat recusandae sit. Consequatur aut autem nesciunt repudiandae autem. Culpa facilis reprehenderit eum natus nemo qui nihil odit. Sunt eos harum soluta provident voluptatem nihil aspernatur.', 2, '2019-08-14 02:12:25', '2019-08-14 02:12:25'),
(99, 10, 'Tyreek Toy', 'Perspiciatis nam voluptate animi quaerat perspiciatis consequatur et. Aut fugiat ad possimus totam cupiditate sit cupiditate. Dignissimos distinctio veniam quo deserunt. Aut debitis fugit corporis sed porro autem. Molestiae commodi ipsam sit voluptas architecto quis.', 1, '2019-08-14 02:12:25', '2019-08-14 02:12:25'),
(100, 5, 'Myriam Friesen', 'Illo non laboriosam laboriosam consequuntur atque. Voluptas repudiandae qui voluptas nihil. Earum eaque nihil consequatur magnam. Aut voluptas dolor minus consequatur eaque tenetur maiores.', 2, '2019-08-14 02:12:25', '2019-08-14 02:12:25'),
(101, 6, 'Dana Hickle', 'Et maxime voluptas vel sed autem nulla dolores. Quia nam exercitationem deserunt alias delectus non. Eligendi voluptatem error ea ducimus placeat recusandae rem. Exercitationem ut in ut voluptates.', 3, '2019-08-14 02:12:25', '2019-08-14 02:12:25'),
(102, 9, 'Sienna Harris MD', 'Nostrum quae aperiam inventore autem aut. Voluptatem id molestiae consequatur tempora. Nostrum reiciendis expedita tempora enim doloremque ullam quo.', 0, '2019-08-14 02:12:25', '2019-08-14 02:12:25'),
(103, 37, 'Sabryna Boyer', 'Ex ut consequatur labore quia quis. Nobis iure et ipsa nobis voluptas sequi nam. Inventore expedita sunt sint eaque odit enim voluptate aperiam. Qui a aut vitae optio excepturi quia et.', 3, '2019-08-14 02:12:25', '2019-08-14 02:12:25'),
(104, 4, 'Tatyana Predovic', 'Laborum hic doloremque repellendus consequatur magni. Libero unde quis repellendus labore maiores velit. Omnis non voluptatem numquam rerum consequuntur.', 1, '2019-08-14 02:12:25', '2019-08-14 02:12:25'),
(105, 34, 'Dena Howell', 'Rerum optio ex accusantium nihil soluta. Officiis sunt quo tempora. Ut velit est officiis consequuntur. Voluptatem nam est est ullam fuga.', 0, '2019-08-14 02:12:25', '2019-08-14 02:12:25'),
(106, 23, 'Frida Brown', 'Quidem dolorum temporibus ducimus optio ipsam beatae aut. Quos occaecati voluptatum facere possimus nesciunt qui ipsa. In non et illo deleniti repellat quo ex. Facere temporibus incidunt quia vero dolorum ut corporis. Qui nemo et consequatur quas dolore.', 1, '2019-08-14 02:12:25', '2019-08-14 02:12:25'),
(107, 36, 'Ms. Amira Boyle DDS', 'Molestiae magni corrupti placeat nobis et consequatur natus. Ex vitae ut nemo deleniti aut. Saepe ea velit ipsum unde eum labore ex tenetur.', 5, '2019-08-14 02:12:25', '2019-08-14 02:12:25'),
(108, 37, 'Dr. Abdullah Crona', 'A rerum sed quo consequuntur cupiditate id vitae. Quaerat sint debitis sit rerum culpa quae debitis. Suscipit est est perferendis at cum non.', 1, '2019-08-14 02:12:25', '2019-08-14 02:12:25'),
(109, 24, 'Simone Hills', 'Similique aut voluptatibus laboriosam id consequuntur. Qui ea omnis ex numquam ut molestiae sed. Eligendi ad vel tenetur sint voluptate possimus.', 2, '2019-08-14 02:12:25', '2019-08-14 02:12:25'),
(110, 41, 'Prof. Naomie Koelpin MD', 'Cupiditate quo commodi libero assumenda corrupti et. Dolores libero dignissimos dicta et animi sit.', 4, '2019-08-14 02:12:25', '2019-08-14 02:12:25'),
(111, 28, 'Mr. Cristobal O\'Keefe', 'Aut libero ut in quam. Est odit quis itaque odio. Et dolor ut id molestias fugit aut. Voluptatem et sunt explicabo iure magnam deleniti.', 5, '2019-08-14 02:12:25', '2019-08-14 02:12:25'),
(112, 12, 'Arielle Beier', 'Qui explicabo error veniam rerum quod in consequatur. Ut cum expedita unde sunt deleniti quasi illum. Ut asperiores possimus consequatur delectus voluptates voluptatibus. Voluptatem sunt et nam. Possimus voluptatum tempore maiores et facere repellat quod.', 0, '2019-08-14 02:12:25', '2019-08-14 02:12:25'),
(113, 16, 'Heloise Kutch DVM', 'Iure assumenda delectus fugiat eveniet ducimus laudantium sapiente. Omnis qui fugiat eos maiores suscipit architecto temporibus. Eos aut atque quidem dolorum.', 1, '2019-08-14 02:12:25', '2019-08-14 02:12:25'),
(114, 44, 'Anastasia Collier', 'Ut quia nam distinctio ad corrupti quis. Quo maiores totam magni iusto eaque et fugiat sit. Animi est dignissimos consectetur odit.', 0, '2019-08-14 02:12:25', '2019-08-14 02:12:25'),
(115, 21, 'Kayla Legros', 'Soluta a dolorum eaque magni. Sapiente qui quas voluptas excepturi modi veniam voluptatem. Eligendi veritatis sit sed velit. Inventore animi voluptatem voluptatum dolor sint.', 3, '2019-08-14 02:12:25', '2019-08-14 02:12:25'),
(116, 32, 'Yvonne Berge', 'Nam ut alias placeat minus. Quod est placeat est itaque veniam. Provident consequatur esse nihil et sint ut debitis est. Iusto officiis fuga velit eligendi sapiente voluptatem.', 3, '2019-08-14 02:12:25', '2019-08-14 02:12:25'),
(117, 23, 'Filiberto Murray DVM', 'Error sint tenetur eligendi nesciunt ipsa facere. Officiis odio enim officia dolorum quo. Et voluptatibus ducimus culpa. At et quisquam molestiae magni.', 1, '2019-08-14 02:12:25', '2019-08-14 02:12:25'),
(118, 4, 'Leone Herzog', 'Est nam quos accusamus et eos molestiae omnis. Neque id recusandae recusandae impedit omnis. Eius voluptatibus eveniet ea. Quia eum recusandae rerum perferendis. Accusamus optio nemo iste natus pariatur ipsa deserunt.', 1, '2019-08-14 02:12:25', '2019-08-14 02:12:25'),
(119, 37, 'General Osinski', 'In nemo sit aut est molestiae eveniet. Sint enim veniam placeat. Rerum est vel quia iure odio. Corrupti odit consequatur quam fugiat quo voluptatem sint totam. Quaerat fugit ut et voluptatem.', 2, '2019-08-14 02:12:25', '2019-08-14 02:12:25'),
(120, 34, 'Prof. Reina McLaughlin', 'Vel magni asperiores voluptas. Autem non necessitatibus ut et. Ad ea nihil expedita qui et nemo. Et quia velit ut ea aspernatur quae quod.', 2, '2019-08-14 02:12:25', '2019-08-14 02:12:25'),
(121, 33, 'Earl Koelpin Sr.', 'Officia soluta sed veritatis ea voluptas natus corrupti. Rerum repellat voluptate temporibus assumenda. Voluptatem dolorem pariatur voluptas. Ut suscipit veritatis eaque deleniti.', 1, '2019-08-14 02:12:25', '2019-08-14 02:12:25'),
(122, 44, 'Prof. Dillon Larkin', 'Unde consequatur molestiae similique quaerat quia. Molestiae voluptatum aut ducimus nam commodi veritatis nemo. Qui ut ea non eligendi neque eum. Id autem porro consequatur cupiditate voluptatem qui.', 4, '2019-08-14 02:12:25', '2019-08-14 02:12:25'),
(123, 8, 'Ms. Laurine Daugherty II', 'Culpa iste dolore aut odio quae. Quo placeat eaque esse velit commodi perspiciatis. Ab et enim est et ut. Autem vel nemo earum et.', 2, '2019-08-14 02:12:25', '2019-08-14 02:12:25'),
(124, 22, 'Harry Stiedemann', 'Voluptatem eum quod est et in. Ut odio autem culpa rerum provident non. Asperiores consequatur quisquam vel voluptas perferendis eos dolore totam.', 5, '2019-08-14 02:12:25', '2019-08-14 02:12:25'),
(125, 32, 'Monica Powlowski II', 'At illo tempore iusto veritatis quaerat qui ullam. Fugiat ducimus ea qui. Perspiciatis ea illum corporis.', 4, '2019-08-14 02:12:25', '2019-08-14 02:12:25'),
(126, 40, 'Prof. Emery Schroeder', 'Cum quidem eligendi suscipit aliquid porro ipsa dolore. Mollitia et nemo quos earum quis. Rerum consequatur eaque et architecto qui.', 4, '2019-08-14 02:12:25', '2019-08-14 02:12:25'),
(127, 16, 'Gerard Medhurst', 'Dolorem reprehenderit error necessitatibus optio voluptate magnam explicabo. Facere neque consequatur ipsum iusto. At vel ratione officia tempore in consequatur est laudantium. Enim ducimus consequuntur eum omnis.', 2, '2019-08-14 02:12:25', '2019-08-14 02:12:25'),
(128, 40, 'Vicky Gleichner', 'Eius molestias provident quos at velit quibusdam explicabo. Saepe distinctio ullam ad laborum reprehenderit aut consequatur. Ipsa eum totam non harum asperiores optio. Incidunt qui est ipsa ut consequuntur soluta.', 0, '2019-08-14 02:12:25', '2019-08-14 02:12:25'),
(129, 3, 'Amani Upton', 'Explicabo dolorem placeat ut suscipit earum laborum. Repellendus quae impedit doloribus ipsa deleniti omnis et et. Sunt quos neque et dicta et consectetur. Vel voluptas impedit voluptatibus ipsum.', 0, '2019-08-14 02:12:25', '2019-08-14 02:12:25'),
(130, 46, 'Prof. Tevin Treutel', 'Possimus veritatis a quis accusantium eum repellendus enim. Error et earum eveniet aut nostrum. Quas voluptas autem quidem eum adipisci pariatur dolore accusantium. Omnis sint quasi ut est iusto ex. Commodi aut veritatis quibusdam harum qui.', 4, '2019-08-14 02:12:25', '2019-08-14 02:12:25'),
(131, 15, 'Lisette Koch', 'Sit vero quas repellendus id officia aut. Velit similique et inventore voluptate quia repellendus. In labore quod aut et facilis id dicta. At totam ipsum harum nihil nobis architecto aut.', 5, '2019-08-14 02:12:25', '2019-08-14 02:12:25'),
(132, 7, 'Elouise Conroy', 'Quam rerum dolorem dolores hic quisquam a molestiae. Unde ratione quo necessitatibus recusandae alias non.', 1, '2019-08-14 02:12:25', '2019-08-14 02:12:25'),
(133, 42, 'Carley Littel I', 'Repellat sint et officiis earum cumque. Eos rem doloremque quia nisi distinctio aut sequi.', 0, '2019-08-14 02:12:25', '2019-08-14 02:12:25'),
(134, 30, 'Kaden McKenzie', 'Aut minus ea molestiae nemo. Earum autem aut minus mollitia. Ut quia error necessitatibus vitae. Itaque vero eum provident veniam.', 2, '2019-08-14 02:12:25', '2019-08-14 02:12:25'),
(135, 43, 'Flossie Johns PhD', 'Et et quia et officiis qui et. Eos nesciunt quis expedita modi ullam. Natus optio consectetur quae aut quas sapiente. Enim voluptatem porro libero voluptatibus architecto quia veritatis.', 4, '2019-08-14 02:12:25', '2019-08-14 02:12:25'),
(136, 39, 'Mckenna Mann', 'In laborum et labore. Qui earum minima vel sequi dolorum est. Nam molestiae rerum eum autem. Qui eveniet numquam vero quis possimus.', 3, '2019-08-14 02:12:25', '2019-08-14 02:12:25'),
(137, 15, 'Tania Braun Sr.', 'Aut et est architecto quia. Fugiat omnis id doloremque magni placeat. Pariatur assumenda non necessitatibus dolore. Saepe voluptatem voluptas amet qui.', 1, '2019-08-14 02:12:25', '2019-08-14 02:12:25'),
(138, 36, 'Freda DuBuque', 'Quia reiciendis autem quasi quo excepturi iure vitae dolorem. Sed omnis illo ratione. Qui non sit facilis omnis qui quam dicta esse.', 3, '2019-08-14 02:12:25', '2019-08-14 02:12:25'),
(139, 11, 'Ms. Nola Runte', 'Sed consequuntur non aut tempore eum ipsam. Iste consequatur et aut mollitia nemo. Impedit distinctio at iste reiciendis non reprehenderit qui. Dolor excepturi mollitia deleniti omnis totam similique ea voluptas.', 0, '2019-08-14 02:12:25', '2019-08-14 02:12:25'),
(140, 28, 'Rafael Ullrich', 'Alias consequatur et nobis tenetur consequatur voluptas eum. Et eos quibusdam pariatur ut et.', 5, '2019-08-14 02:12:25', '2019-08-14 02:12:25'),
(141, 29, 'Dr. Julian Hills Sr.', 'Voluptas iure id quisquam deserunt iusto rerum omnis. Rem voluptatem error ullam quod eveniet voluptatibus. Accusantium quas quia fugit laborum molestiae ea consectetur. Quam amet vel rerum perspiciatis.', 2, '2019-08-14 02:12:25', '2019-08-14 02:12:25'),
(142, 22, 'Gregoria Rowe', 'Est labore debitis eligendi temporibus. Vitae in eligendi ea fuga facere.', 2, '2019-08-14 02:12:25', '2019-08-14 02:12:25'),
(143, 7, 'Brennan Johnson', 'Consequatur aut consectetur esse. Et consequatur labore et. Consequatur doloremque natus voluptas sit. Unde nobis molestiae repellendus neque sunt.', 3, '2019-08-14 02:12:25', '2019-08-14 02:12:25'),
(144, 47, 'Marcella Hagenes', 'Natus sit velit deserunt voluptate accusantium velit quisquam quasi. Fuga enim eum veniam consectetur. Qui reprehenderit ea quia officia dicta sit debitis. Voluptas sed et dolores pariatur. Aliquid sit ipsa rem molestias distinctio et.', 1, '2019-08-14 02:12:25', '2019-08-14 02:12:25'),
(145, 28, 'Genesis Bailey', 'Tenetur sapiente voluptas tenetur eum vel. Aut reprehenderit eum quae natus et ad ratione. Sequi omnis laborum voluptatum sunt. Qui delectus voluptas deleniti aspernatur et expedita autem.', 3, '2019-08-14 02:12:25', '2019-08-14 02:12:25'),
(146, 36, 'Hyman Dickinson', 'Mollitia quidem consequatur quibusdam voluptas unde neque. Laborum sequi illum deserunt et iusto distinctio enim. Sapiente voluptas non quis ab et inventore veritatis consequuntur.', 4, '2019-08-14 02:12:25', '2019-08-14 02:12:25'),
(147, 29, 'Mr. Izaiah Mann', 'Voluptatum soluta dolor animi incidunt. Et expedita veritatis ut quia odio. Natus saepe quibusdam rem qui. Non ad accusantium impedit quasi voluptatum illum autem.', 5, '2019-08-14 02:12:25', '2019-08-14 02:12:25'),
(148, 11, 'Allen Pagac', 'Nisi doloremque voluptatem dolores fugit doloremque earum et. Laudantium praesentium aliquid voluptate magni laborum. Quos ea rerum nam praesentium voluptas esse. Quasi ratione voluptatem esse ut. Esse hic ut consectetur sunt cum possimus est repellendus.', 4, '2019-08-14 02:12:25', '2019-08-14 02:12:25'),
(149, 44, 'Margret Eichmann', 'Temporibus laborum et dolore et incidunt sequi. Iusto qui rerum autem non. Amet deleniti enim voluptatem fugiat. Maiores minus earum molestiae est ipsam libero velit ea.', 4, '2019-08-14 02:12:25', '2019-08-14 02:12:25'),
(150, 5, 'Prof. Urban Lueilwitz II', 'Et voluptatum veritatis sit beatae. Eum debitis repellendus reiciendis illo asperiores. Quod iure et ipsum. Eveniet ut voluptatem dolor accusamus.', 3, '2019-08-14 02:12:25', '2019-08-14 02:12:25'),
(151, 13, 'Madyson Maggio', 'Laboriosam et culpa velit enim. Qui consequatur totam quod atque labore illum nemo. Excepturi temporibus nihil et hic optio commodi. Delectus nam et consequatur vero laboriosam.', 4, '2019-08-14 02:12:25', '2019-08-14 02:12:25'),
(152, 44, 'Mrs. Genevieve Daniel DVM', 'Corrupti ut dolores nulla ut omnis. Accusamus laudantium at reprehenderit quia. Minima nemo modi sequi et aut eligendi. Molestiae modi voluptas provident possimus cupiditate. Modi explicabo odit quia adipisci non est est.', 0, '2019-08-14 02:12:25', '2019-08-14 02:12:25'),
(153, 44, 'Maiya Luettgen', 'Repellendus nostrum eos architecto illo et eos. Dolorum qui est non repellendus est et qui. Eveniet dolorem fugit maiores. Qui quia perferendis eveniet aut.', 2, '2019-08-14 02:12:25', '2019-08-14 02:12:25'),
(154, 6, 'Marjorie Turner', 'Dolor consequatur minus eligendi incidunt non sint qui nisi. Magnam amet ut ut voluptatem. Culpa aperiam est repudiandae modi consequuntur culpa velit.', 2, '2019-08-14 02:12:25', '2019-08-14 02:12:25'),
(155, 34, 'Beryl Mueller', 'Accusamus maiores eos doloribus consequatur dolor in ratione. Distinctio architecto non aspernatur. Facilis culpa eius et facilis. Ut voluptas minus voluptates vitae.', 2, '2019-08-14 02:12:25', '2019-08-14 02:12:25'),
(156, 47, 'Miss Shanelle Gorczany V', 'Et labore at eum voluptatem. Aspernatur enim ut ea hic sit quis. Voluptatem sit voluptatem libero occaecati optio.', 0, '2019-08-14 02:12:25', '2019-08-14 02:12:25'),
(157, 47, 'Prof. Luciano Wiza III', 'Quos mollitia et in ducimus aperiam. Ullam nisi rerum vel molestiae consequuntur eveniet. Illum rem nihil natus iste distinctio sit.', 3, '2019-08-14 02:12:25', '2019-08-14 02:12:25'),
(158, 29, 'Dr. Willow Franecki III', 'Soluta cumque et expedita nobis voluptatem. Temporibus eius veritatis ipsam ut. Facere dicta accusamus dolore corporis temporibus repudiandae quia similique.', 0, '2019-08-14 02:12:25', '2019-08-14 02:12:25'),
(159, 6, 'Justyn Auer', 'Aut mollitia asperiores sint vel et. Architecto ut nihil et necessitatibus ut. Non ea sed exercitationem et est. Qui natus rerum qui culpa numquam.', 5, '2019-08-14 02:12:25', '2019-08-14 02:12:25'),
(160, 20, 'Kassandra Davis', 'Qui distinctio necessitatibus adipisci ipsam recusandae quis ipsum. Perferendis at earum quis tenetur cumque. Alias exercitationem illum quos nam quasi recusandae. Hic natus quia nisi qui quasi atque.', 4, '2019-08-14 02:12:25', '2019-08-14 02:12:25'),
(161, 27, 'Prof. Hiram Bins I', 'Doloribus amet aut non quisquam tenetur ipsum. Libero non nostrum et aut. Modi velit autem et.', 4, '2019-08-14 02:12:25', '2019-08-14 02:12:25'),
(162, 15, 'Kianna Grant', 'Laborum fugit qui excepturi error. Earum unde ea vel. Sed et sapiente dicta aut eum. Aut sit et tempora omnis.', 2, '2019-08-14 02:12:25', '2019-08-14 02:12:25'),
(163, 39, 'Ludwig Durgan III', 'Rerum neque beatae sequi maiores harum totam. Modi delectus explicabo deleniti. Sit ea repellendus non ad possimus excepturi.', 5, '2019-08-14 02:12:25', '2019-08-14 02:12:25'),
(164, 23, 'Brady Braun', 'Earum inventore commodi officia fuga ut dolor. Ut eveniet atque eius modi cupiditate consequuntur. Inventore occaecati veritatis adipisci amet molestiae error. Minus iusto blanditiis deserunt qui.', 0, '2019-08-14 02:12:25', '2019-08-14 02:12:25'),
(165, 30, 'Amara Batz', 'Ab fuga animi molestiae quis debitis ex. Natus harum saepe et molestias consequuntur sed sed. Facere earum enim in.', 3, '2019-08-14 02:12:25', '2019-08-14 02:12:25'),
(166, 43, 'Shea Mueller', 'Error id in saepe accusamus ut. Vero tenetur culpa molestias adipisci maiores pariatur quaerat ut. Minus voluptates eum minima perspiciatis eum non. Reprehenderit numquam velit repellat omnis cum nisi beatae.', 0, '2019-08-14 02:12:25', '2019-08-14 02:12:25'),
(167, 21, 'Lewis Keeling', 'Veritatis incidunt libero eveniet officiis et quia. Molestiae vero dolorem voluptate beatae. Non vitae nobis in nihil. Fugit eum expedita et in porro.', 4, '2019-08-14 02:12:25', '2019-08-14 02:12:25'),
(168, 38, 'Kristin Stiedemann III', 'Optio quod incidunt quisquam ipsa et. Laboriosam fuga autem magnam numquam adipisci eos sit dolorem. Ipsa minus sed illo quam blanditiis est doloribus aut.', 5, '2019-08-14 02:12:25', '2019-08-14 02:12:25'),
(169, 46, 'Etha Schmeler V', 'Corrupti perspiciatis eveniet reprehenderit explicabo sunt quia. Aut laudantium inventore deserunt temporibus hic sint. Magnam temporibus accusantium ut accusantium ducimus dolor. Aut qui amet animi autem eaque sit eius quia.', 2, '2019-08-14 02:12:25', '2019-08-14 02:12:25'),
(170, 28, 'Jaeden Koch', 'Quaerat molestiae hic et non est. Et aliquam quisquam id quo. Beatae quasi sed assumenda libero. Eum est amet consectetur quia saepe optio blanditiis nihil.', 4, '2019-08-14 02:12:25', '2019-08-14 02:12:25'),
(171, 38, 'Aimee Will', 'Provident hic eaque earum qui. Optio et sed consequuntur odit illo iusto ullam. Alias vitae sint aut unde ut aut porro. Corporis qui et suscipit quod voluptate.', 5, '2019-08-14 02:12:25', '2019-08-14 02:12:25'),
(172, 27, 'Mr. Bill Marquardt Jr.', 'Quis consequatur autem ut sit similique numquam. Animi ea placeat facere nobis et delectus. Dolores provident maiores qui neque nisi dolorum odio.', 1, '2019-08-14 02:12:25', '2019-08-14 02:12:25'),
(173, 9, 'Jerrod Konopelski', 'Officiis quas nulla voluptas sint consequuntur. Atque maiores fugit nisi harum ea soluta sint. Libero commodi a consequatur fugit ratione quia quia. Rerum aperiam sint veniam sint. Qui ea fugiat quisquam quidem eveniet sunt voluptas.', 4, '2019-08-14 02:12:25', '2019-08-14 02:12:25'),
(174, 13, 'Brenden Braun', 'Laudantium nemo magni enim at dolores. Saepe ullam eveniet necessitatibus quibusdam eius exercitationem. Dolor quo autem odit eveniet dolorem alias.', 4, '2019-08-14 02:12:25', '2019-08-14 02:12:25'),
(175, 41, 'Noe Braun', 'Laborum similique facere dolores ducimus. Ex molestias autem cumque eaque aut unde nostrum. Occaecati tempore sapiente fuga ex doloribus vitae at. Quam minima alias et et hic.', 5, '2019-08-14 02:12:25', '2019-08-14 02:12:25'),
(176, 8, 'Creola Cormier', 'Qui sit sed temporibus dignissimos aut sapiente est. Architecto facilis dolorum non est sequi in suscipit voluptatem. Sapiente harum sit est consectetur consequatur.', 0, '2019-08-14 02:12:25', '2019-08-14 02:12:25'),
(177, 16, 'Liana Grimes IV', 'Repudiandae totam error voluptas. Qui autem officia qui. Alias numquam voluptatem perspiciatis sed ipsa voluptatem. Necessitatibus quidem molestiae autem velit sint et cumque.', 2, '2019-08-14 02:12:25', '2019-08-14 02:12:25'),
(178, 24, 'Thelma Marquardt DVM', 'Nihil tenetur qui inventore qui. Iste nesciunt dolore sit et autem odit cumque. Delectus debitis magni et cumque.', 1, '2019-08-14 02:12:25', '2019-08-14 02:12:25'),
(179, 48, 'Gaston Torphy', 'Nesciunt officia magnam enim. Nemo officia possimus et molestiae et ratione. Soluta ipsum quis aspernatur consequuntur omnis.', 2, '2019-08-14 02:12:25', '2019-08-14 02:12:25'),
(180, 44, 'Armani Rutherford Jr.', 'Iusto perspiciatis cumque asperiores illum non placeat odit dolores. Ipsum neque non esse doloribus rem recusandae sapiente. Fugit quos enim natus exercitationem delectus maxime sint. Nobis ut consequatur et beatae deserunt sint aut.', 4, '2019-08-14 02:12:25', '2019-08-14 02:12:25'),
(181, 24, 'Laila Cassin', 'Eum neque ut eveniet et. Quo nostrum nihil neque occaecati laudantium non reprehenderit ea.', 5, '2019-08-14 02:12:25', '2019-08-14 02:12:25'),
(182, 38, 'Ally Kirlin', 'Quibusdam quia voluptas voluptas rerum nulla maxime quos. Tempora molestiae quaerat error fugit deleniti laudantium non.', 1, '2019-08-14 02:12:25', '2019-08-14 02:12:25'),
(183, 6, 'Mr. Misael Durgan III', 'Quis laborum soluta cum dolorem. Et assumenda illo enim accusantium ut accusantium. Totam earum velit aut et illo pariatur repudiandae. Velit ab eveniet maxime et ut.', 3, '2019-08-14 02:12:25', '2019-08-14 02:12:25'),
(184, 25, 'Felicity Hand IV', 'Blanditiis nostrum maiores placeat quidem. Cum expedita a omnis explicabo ut consequatur. Voluptatem cupiditate perspiciatis ab ut. Saepe ab doloribus enim hic veniam ipsam.', 2, '2019-08-14 02:12:25', '2019-08-14 02:12:25'),
(185, 40, 'Dr. Chester Hamill', 'Quia rem ea maxime ab neque sit ipsa. Minima qui inventore atque. Et commodi est sit nulla rerum. Aut possimus est dolorem enim totam totam.', 1, '2019-08-14 02:12:25', '2019-08-14 02:12:25'),
(186, 7, 'Prof. Timothy Yost DDS', 'Maiores qui quia quod voluptatibus et. Magni et dicta aperiam est at harum. Eum qui rerum earum.', 0, '2019-08-14 02:12:25', '2019-08-14 02:12:25'),
(187, 44, 'Misty Tremblay', 'Corrupti numquam voluptates nesciunt est molestiae alias dolores. Cum possimus asperiores ut consequatur doloribus. Saepe natus voluptatem iure rerum aliquam totam. Inventore eligendi accusamus ducimus sed quibusdam.', 1, '2019-08-14 02:12:25', '2019-08-14 02:12:25'),
(188, 2, 'Alvina Gerlach DVM', 'Nostrum vitae fugiat ut. Illo hic quis est rerum. Qui vel et est facilis molestiae. Necessitatibus itaque ut rerum id nulla numquam.', 3, '2019-08-14 02:12:25', '2019-08-14 02:12:25'),
(189, 40, 'Candelario Frami', 'Aut repellat facilis ut quisquam quisquam. Perspiciatis quas est omnis et eos sit deleniti. Quasi qui quia et non accusantium dicta ratione aut.', 2, '2019-08-14 02:12:25', '2019-08-14 02:12:25'),
(190, 20, 'Geoffrey Leannon', 'Veniam ducimus vel eius. Nesciunt iusto ut hic repellendus reiciendis est rerum. Id illo sit recusandae aspernatur fugit et et. Assumenda enim voluptatum ipsam enim facere mollitia.', 2, '2019-08-14 02:12:25', '2019-08-14 02:12:25'),
(191, 45, 'Mr. Harold Kertzmann DDS', 'Molestias sit dolores et et. Nihil molestiae expedita omnis quia fuga. Reprehenderit voluptas dolores et voluptate quisquam distinctio temporibus. Labore reiciendis velit aut autem quia.', 5, '2019-08-14 02:12:25', '2019-08-14 02:12:25'),
(192, 21, 'Prof. Jarret Runolfsdottir IV', 'Quidem est ut omnis sint. Inventore ipsa earum iure omnis. Architecto iure soluta officiis expedita aut nobis aut.', 4, '2019-08-14 02:12:25', '2019-08-14 02:12:25'),
(193, 12, 'Selmer Becker II', 'Tempora enim sed vero vero quia. Ut saepe quam amet sunt explicabo. Corporis hic nesciunt quia sed.', 3, '2019-08-14 02:12:25', '2019-08-14 02:12:25'),
(194, 19, 'Murphy Homenick', 'Non fuga placeat non et beatae non eveniet. Aliquam aut maiores iste et qui rerum cum suscipit. Labore perferendis voluptas molestias laboriosam quisquam. Delectus nesciunt ea et voluptas vel nihil.', 5, '2019-08-14 02:12:25', '2019-08-14 02:12:25'),
(195, 44, 'Dr. Jules Hegmann PhD', 'Aliquid hic ducimus suscipit incidunt. Et optio sapiente quis tempora laudantium similique in. Harum labore et quis ex. Id culpa provident tenetur nihil suscipit et sint dolorem.', 1, '2019-08-14 02:12:25', '2019-08-14 02:12:25'),
(196, 8, 'Sandra Hills', 'Reiciendis similique sunt error commodi. Facere facilis officia consequatur aut alias minus unde. Placeat aperiam nisi ut culpa.', 5, '2019-08-14 02:12:25', '2019-08-14 02:12:25'),
(197, 49, 'Harvey Spinka', 'Non ullam nobis optio. Mollitia similique ad suscipit autem ea voluptates.', 3, '2019-08-14 02:12:25', '2019-08-14 02:12:25'),
(198, 20, 'Ericka Beatty', 'Soluta et iste blanditiis exercitationem quia atque dolores qui. Assumenda nulla ab consequuntur sunt veritatis voluptas modi. Nisi impedit et temporibus porro.', 0, '2019-08-14 02:12:25', '2019-08-14 02:12:25'),
(199, 46, 'Rudy Fritsch', 'Earum non natus a omnis. Ipsa velit quibusdam et quas ut. Qui delectus est voluptatem et dolor.', 4, '2019-08-14 02:12:25', '2019-08-14 02:12:25'),
(200, 42, 'Dr. Nico Spencer', 'At ut praesentium et repudiandae. Libero et aperiam sequi beatae quia. Natus ea eaque saepe et harum ratione. Occaecati et impedit sint quis maxime at.', 5, '2019-08-14 02:12:25', '2019-08-14 02:12:25'),
(201, 11, 'Jed Koepp', 'Accusantium accusamus laboriosam eligendi eaque libero. Earum sint dolorem labore similique illo nisi. Ea error et consequatur. Itaque est facilis eos cum exercitationem.', 1, '2019-08-14 02:12:25', '2019-08-14 02:12:25'),
(202, 10, 'Devonte Dooley DVM', 'Maiores sit sit aut. Rerum sed culpa sed sapiente eos reiciendis. Doloremque nostrum ut laboriosam perferendis. Aut exercitationem vero optio corporis. Sit eos ullam iure.', 0, '2019-08-14 02:12:25', '2019-08-14 02:12:25'),
(203, 44, 'Ayana McDermott', 'Iste doloribus est odio provident. Aut rerum recusandae est similique ipsam ex consequuntur voluptatem. Earum non fugiat velit quisquam odio eligendi libero voluptatibus. Omnis quia non soluta molestiae dolores est eos.', 5, '2019-08-14 02:12:25', '2019-08-14 02:12:25'),
(204, 14, 'Aditya Kirlin', 'Perferendis itaque expedita voluptas. Aut et voluptas sint consectetur neque necessitatibus. Soluta architecto dolorem sed omnis in suscipit sunt quibusdam. Incidunt aut consequatur blanditiis et omnis occaecati inventore modi. Est veritatis dolorem nulla eos optio accusamus aut.', 1, '2019-08-14 02:12:25', '2019-08-14 02:12:25'),
(205, 19, 'Albertha Rutherford', 'Rerum rem est et nisi voluptatem aliquam. Eveniet voluptatem rerum omnis eaque provident ex. Vitae eligendi perspiciatis et qui nihil. Quia laborum excepturi et.', 4, '2019-08-14 02:12:25', '2019-08-14 02:12:25'),
(206, 1, 'Hank Blanda DVM', 'Ut numquam similique sed iusto commodi voluptate. Repellat et minima voluptatibus maxime maiores hic.', 3, '2019-08-14 02:12:25', '2019-08-14 02:12:25');
INSERT INTO `reviews` (`id`, `product_id`, `customer`, `review`, `star`, `created_at`, `updated_at`) VALUES
(207, 44, 'Torrey Ankunding', 'Et velit ad explicabo architecto autem sit. Dolores officiis placeat eos et voluptas consequatur officia. Et voluptas illo ullam non qui id.', 1, '2019-08-14 02:12:25', '2019-08-14 02:12:25'),
(208, 42, 'Jalon Zboncak PhD', 'Laboriosam officiis consequatur doloremque. Et voluptas amet quia quibusdam. Harum qui impedit et architecto rerum. Doloremque ad fuga eos aperiam at.', 5, '2019-08-14 02:12:25', '2019-08-14 02:12:25'),
(209, 31, 'Alta Goodwin', 'Ad veniam odio est facere voluptatem. Voluptatem culpa nihil odio et et. Qui assumenda vero illum qui soluta quis laudantium enim.', 0, '2019-08-14 02:12:25', '2019-08-14 02:12:25'),
(210, 48, 'Jonathon McDermott', 'Vel excepturi fugiat qui ratione ratione nulla esse. Ipsam eos nostrum voluptatibus. Impedit ducimus blanditiis quasi architecto quia provident eos.', 5, '2019-08-14 02:12:25', '2019-08-14 02:12:25'),
(211, 17, 'Prof. Arlie Beatty PhD', 'Illum occaecati assumenda molestiae autem minus accusamus et. Placeat quae quam laboriosam nostrum. Repellat quia consequatur explicabo molestias facilis autem quas.', 2, '2019-08-14 02:12:25', '2019-08-14 02:12:25'),
(212, 17, 'Collin Heidenreich', 'Rerum est eos odit. In et et architecto similique ut iusto hic. Sequi praesentium quia ad recusandae cumque. Voluptas corrupti consequatur quo sed sint vel dolorem.', 5, '2019-08-14 02:12:25', '2019-08-14 02:12:25'),
(213, 2, 'Kallie Gerhold', 'Dignissimos perferendis illum sunt. Voluptatibus dolorem aspernatur et eveniet id minima. Consequatur quia atque quia libero. Fugit consequatur vel quia officia omnis voluptas ipsa.', 4, '2019-08-14 02:12:25', '2019-08-14 02:12:25'),
(214, 43, 'Rebekah Murphy', 'In at mollitia quas eaque ut eligendi fuga. Consequatur omnis expedita ipsum. Sunt velit nam dolorem ut autem. Accusantium similique quis vel ab eos.', 0, '2019-08-14 02:12:25', '2019-08-14 02:12:25'),
(215, 47, 'Mr. Mitchel Greenfelder', 'Aut eos labore possimus mollitia consequatur. Aperiam voluptatem quisquam corrupti ipsa consequuntur excepturi aut.', 3, '2019-08-14 02:12:25', '2019-08-14 02:12:25'),
(216, 8, 'Dr. Kiley Stokes', 'Qui totam numquam et nulla qui non debitis maiores. Non sit accusantium eum aut aut quis et. Quia et ratione et dolorum rerum in esse facilis. Earum et eligendi rerum vel.', 5, '2019-08-14 02:12:25', '2019-08-14 02:12:25'),
(217, 24, 'Juwan Schoen', 'Id architecto illum facilis eligendi id quasi sapiente necessitatibus. Dicta amet qui occaecati et consequatur cumque voluptatibus. At ut aut inventore voluptas. Sunt omnis maxime soluta quod placeat deserunt.', 4, '2019-08-14 02:12:25', '2019-08-14 02:12:25'),
(218, 45, 'Alice Renner', 'Eius vel assumenda et id. Quaerat ad quas impedit omnis modi quia dolorem. Blanditiis illum tempore nihil doloribus rem et. Sit libero omnis autem est.', 0, '2019-08-14 02:12:25', '2019-08-14 02:12:25'),
(219, 18, 'Dr. Cade Fay', 'Voluptatibus neque reiciendis possimus autem. Excepturi reprehenderit tempora sed architecto deserunt sit possimus impedit. Sint eaque officia expedita.', 0, '2019-08-14 02:12:25', '2019-08-14 02:12:25'),
(220, 17, 'Esther Koss', 'Quasi nostrum quaerat non voluptas necessitatibus. Quis distinctio atque et quis. Est et voluptatem id velit et.', 4, '2019-08-14 02:12:25', '2019-08-14 02:12:25'),
(221, 11, 'Howell Hammes', 'Dignissimos corrupti consequatur maxime dolore eligendi. Dolorum animi totam illum voluptatem et optio. Suscipit quis aut amet tenetur odit. Nobis aliquam pariatur repellendus sit.', 5, '2019-08-14 02:12:25', '2019-08-14 02:12:25'),
(222, 14, 'Lacey Nienow', 'Ut enim necessitatibus nobis distinctio unde recusandae ut. Tempora cumque temporibus quis hic. Maiores aut ea dicta quaerat sequi maxime non. Libero saepe corrupti ea.', 4, '2019-08-14 02:12:25', '2019-08-14 02:12:25'),
(223, 47, 'Miss Zena Lueilwitz', 'Et dolores enim nobis. Deserunt asperiores reprehenderit omnis animi provident qui laudantium. Nostrum et non non deserunt voluptas iste.', 5, '2019-08-14 02:12:25', '2019-08-14 02:12:25'),
(224, 6, 'Muhammad Nicolas PhD', 'Reiciendis enim temporibus repellendus voluptas beatae similique. Debitis harum occaecati enim.', 1, '2019-08-14 02:12:25', '2019-08-14 02:12:25'),
(225, 23, 'Mrs. Lavonne Becker I', 'Accusamus suscipit est quam impedit non officiis. Sit et minima repellat. Molestiae fugiat qui possimus facilis qui quo. Minus aliquid nobis consectetur quo eius placeat. Praesentium aut facere et et adipisci.', 5, '2019-08-14 02:12:25', '2019-08-14 02:12:25'),
(226, 26, 'Dr. Layne Farrell', 'Quia et repudiandae est atque omnis. Ut vel a quibusdam non. Autem voluptatem sed velit enim delectus et reprehenderit assumenda. Cum repudiandae dolores consectetur suscipit illum vero eos.', 3, '2019-08-14 02:12:25', '2019-08-14 02:12:25'),
(227, 15, 'Brooklyn Abshire', 'Est debitis fugiat fugit sed enim optio eos. Laborum vel eos et. Voluptatem ea pariatur architecto voluptates quos dolorum.', 2, '2019-08-14 02:12:25', '2019-08-14 02:12:25'),
(228, 19, 'Garry Schoen Sr.', 'Aut mollitia earum autem atque adipisci aut. Dignissimos cumque ut eligendi. Rerum alias vel dolor inventore eum quidem nulla.', 0, '2019-08-14 02:12:25', '2019-08-14 02:12:25'),
(229, 6, 'Julian Nolan', 'Tenetur neque tenetur optio molestiae asperiores voluptatem assumenda. Perspiciatis et nihil fugit velit eveniet laboriosam. Et ducimus quod in inventore magni debitis accusantium. Beatae rerum vitae placeat ut praesentium facere sed.', 4, '2019-08-14 02:12:25', '2019-08-14 02:12:25'),
(230, 42, 'Irving O\'Hara DDS', 'Omnis sed nisi at. Autem sit quisquam quia magni ducimus qui qui non. Doloribus et autem illo culpa.', 2, '2019-08-14 02:12:25', '2019-08-14 02:12:25'),
(231, 40, 'Mrs. Maybelle Kulas', 'Voluptatem delectus et aut non sequi nihil dolore. Quae eius libero exercitationem eaque fugiat facilis praesentium et. Perspiciatis labore dolores aut corporis voluptatem sit neque porro. Voluptatibus magnam ut nemo iure aut a.', 3, '2019-08-14 02:12:25', '2019-08-14 02:12:25'),
(232, 19, 'America Gulgowski', 'Quod perspiciatis facilis praesentium vitae enim libero. Iste dolorum sed voluptas quae tempora. Aliquam autem consequatur maiores voluptatem. Sunt nemo quod ab ex est sunt non.', 5, '2019-08-14 02:12:25', '2019-08-14 02:12:25'),
(233, 14, 'Dawson Muller', 'Dolor libero totam ea aut autem sed. Quisquam fuga rerum laboriosam eligendi iusto et. Accusantium fuga et quidem repellat aspernatur magni accusamus. Voluptatem aut earum accusamus mollitia et fugiat officiis.', 3, '2019-08-14 02:12:25', '2019-08-14 02:12:25'),
(234, 47, 'Ms. Grace Hahn', 'Voluptatem qui officiis id sit soluta excepturi dicta. Natus non eligendi vero commodi tenetur nulla. Et consequatur officia sit non est.', 0, '2019-08-14 02:12:25', '2019-08-14 02:12:25'),
(235, 8, 'Kathlyn Brekke', 'Provident aut quae quisquam quia quia occaecati. Eos est voluptatem et neque. Incidunt harum et deserunt deleniti incidunt id nesciunt nesciunt. Dolor earum et quia ea distinctio consequuntur id.', 4, '2019-08-14 02:12:25', '2019-08-14 02:12:25'),
(236, 17, 'Roy Cremin', 'Qui quia in fuga velit. Saepe aut vel sit. Perspiciatis voluptas expedita consequatur omnis vitae.', 2, '2019-08-14 02:12:25', '2019-08-14 02:12:25'),
(237, 11, 'Dario Johnson PhD', 'Consequatur quia ex iure. Earum quo asperiores qui ut aut repellendus sapiente. Explicabo quibusdam et odit eius ut. Velit et asperiores velit maxime voluptatum consequatur aut et.', 5, '2019-08-14 02:12:25', '2019-08-14 02:12:25'),
(238, 3, 'Dr. George Jakubowski', 'Itaque illum maiores aut sunt dolorum labore minima. Molestiae sint nesciunt nesciunt fugiat perferendis. Aliquid quae qui adipisci.', 4, '2019-08-14 02:12:25', '2019-08-14 02:12:25'),
(239, 27, 'Avis Kulas', 'Enim ut dicta voluptas voluptas sit dolorum dolore quia. Explicabo totam est soluta dolorum. Id sit rerum voluptatem et quasi. Rerum maxime ea id asperiores est necessitatibus.', 0, '2019-08-14 02:12:25', '2019-08-14 02:12:25'),
(240, 48, 'Eudora Luettgen', 'Qui voluptatem ut beatae nihil facere sed. Voluptatem id eligendi ea et tenetur et perferendis. Soluta fugit modi error aut. Perferendis harum accusamus non officia tempora dolorem qui.', 1, '2019-08-14 02:12:25', '2019-08-14 02:12:25'),
(241, 50, 'Miss Assunta Kovacek', 'Est eligendi ex est soluta. Sint ducimus eaque aut saepe ex sed. Nihil neque at et rerum. Dolor aut beatae velit nisi qui.', 5, '2019-08-14 02:12:25', '2019-08-14 02:12:25'),
(242, 23, 'Prof. Clement Grimes', 'Perspiciatis aut aliquid vel porro ut eveniet. Vero inventore facere magni. Quo quisquam quod tempora eos sequi voluptatem.', 0, '2019-08-14 02:12:25', '2019-08-14 02:12:25'),
(243, 19, 'Prof. Michele Murphy I', 'Non omnis hic repudiandae velit praesentium soluta. Tempore sequi quae omnis dolorum ea omnis recusandae.', 0, '2019-08-14 02:12:25', '2019-08-14 02:12:25'),
(244, 8, 'Matilda Haley IV', 'Dolorum nulla quas sint assumenda et exercitationem voluptatibus velit. Dicta voluptas eum aliquam pariatur excepturi. Minus nisi maiores repellendus itaque voluptatem aut dicta.', 2, '2019-08-14 02:12:25', '2019-08-14 02:12:25'),
(245, 7, 'Ellen Hagenes', 'Provident qui pariatur et voluptatem. Modi non quos quia ab. Repudiandae voluptas et et consequatur est aliquam enim voluptatibus. Repellendus sit sit aut ratione est et quidem enim.', 3, '2019-08-14 02:12:25', '2019-08-14 02:12:25'),
(246, 35, 'Prof. Robin Flatley DDS', 'Rem unde nobis ad autem voluptatem ut nihil. Nihil voluptatibus esse odio consectetur. Maxime nesciunt velit voluptas quo tempora dolor.', 0, '2019-08-14 02:12:25', '2019-08-14 02:12:25'),
(247, 12, 'Jared Kessler', 'Voluptatum incidunt sint nihil quia esse dolorem voluptatem. Accusantium et aut accusamus pariatur unde natus quidem. Voluptas quis dolores quibusdam a repellendus amet beatae qui.', 2, '2019-08-14 02:12:25', '2019-08-14 02:12:25'),
(248, 36, 'Mikel Macejkovic', 'Ex sunt rerum cumque non. Illum qui voluptas laudantium sed cumque autem est. Sed ea omnis et ex a adipisci facere. Consequuntur illum beatae similique culpa non.', 1, '2019-08-14 02:12:25', '2019-08-14 02:12:25'),
(249, 48, 'Josefa Waters PhD', 'Sed officia aut quis deleniti porro est hic. Ea ab incidunt quibusdam commodi. Deleniti dolore blanditiis tempora omnis sint nulla odio. Consequuntur consequatur iusto aut eligendi porro corrupti labore maiores.', 0, '2019-08-14 02:12:25', '2019-08-14 02:12:25'),
(250, 25, 'Miss Joana Koelpin MD', 'Cumque voluptatum veritatis qui voluptatem omnis eveniet ipsum. Sed laborum eligendi aut et. Debitis beatae debitis omnis amet. Minima ut esse magnam est iste non.', 5, '2019-08-14 02:12:25', '2019-08-14 02:12:25'),
(251, 16, 'Elissa Borer', 'Eos dolores sint ea tempora fugit. Sed tempore accusantium laboriosam officiis. Cumque repellat autem aliquam omnis eos voluptatum qui fuga. Ut est sed aut ipsa vitae dolorum.', 3, '2019-08-14 02:12:25', '2019-08-14 02:12:25'),
(252, 23, 'Arthur Wisozk', 'Unde velit nobis illo. Est fugiat veniam molestiae et dolores alias eveniet praesentium. Eum nostrum qui ea dicta doloremque neque. Sunt qui est magni et voluptas fugiat numquam maiores.', 2, '2019-08-14 02:12:25', '2019-08-14 02:12:25'),
(253, 46, 'Imelda Quigley', 'Saepe dolor tempora ratione dolores et eaque. Temporibus qui harum sit fuga ab voluptatem accusamus. Aut molestiae aut labore incidunt consectetur neque. Voluptates ipsam quia ex ea ea cupiditate. Et ut eveniet ut perferendis beatae odio qui.', 3, '2019-08-14 02:12:25', '2019-08-14 02:12:25'),
(254, 23, 'Carmela Ullrich', 'Temporibus quidem eveniet cupiditate cumque. Dignissimos et officiis asperiores rem vitae eveniet. Est dolore quis est sed.', 0, '2019-08-14 02:12:25', '2019-08-14 02:12:25'),
(255, 21, 'Prof. Isidro DuBuque III', 'Soluta tempore magni porro sit quibusdam. Ut dicta ea nulla similique. Quia sed voluptatem et doloremque nobis et. Tempora dolore voluptate animi officiis quae praesentium.', 4, '2019-08-14 02:12:25', '2019-08-14 02:12:25'),
(256, 39, 'Onie Schiller DDS', 'Quia asperiores officia voluptas ad sit vitae accusantium ut. Laboriosam rerum nihil adipisci. Et nihil alias quo hic ratione voluptas labore. Facilis sapiente culpa et et.', 0, '2019-08-14 02:12:25', '2019-08-14 02:12:25'),
(257, 26, 'Mitchel Schuppe II', 'Sunt qui cupiditate ut in est et. Ipsum et dolor et repudiandae tempore. Temporibus et est ut illo impedit. Sint incidunt iusto magni ea eius.', 2, '2019-08-14 02:12:25', '2019-08-14 02:12:25'),
(258, 20, 'Vince Gerlach', 'Est veniam sequi sit ipsum soluta soluta autem. Dolorum voluptatum omnis porro velit quas et officia. Et recusandae mollitia non. Molestiae aut hic deserunt. Facere ducimus et dolorem libero.', 1, '2019-08-14 02:12:25', '2019-08-14 02:12:25'),
(259, 29, 'Prof. Tommie Murray Jr.', 'Ullam in dolor molestiae. Praesentium ab aut porro ex est quis totam. Qui perferendis nisi architecto. Similique saepe aut iusto nostrum natus quo.', 3, '2019-08-14 02:12:25', '2019-08-14 02:12:25'),
(260, 5, 'Prof. Jordy Leffler', 'Possimus ea soluta et perspiciatis ex voluptas. Nemo sed quibusdam laboriosam impedit suscipit sit atque et. Eius dolorem asperiores voluptas reprehenderit. Occaecati ipsa omnis vel deleniti quia voluptatibus. Dolorem beatae voluptas at officiis a ipsa perferendis rerum.', 4, '2019-08-14 02:12:25', '2019-08-14 02:12:25'),
(261, 8, 'Prof. Kirsten Douglas', 'Consequuntur aliquid sunt sint rerum. Delectus ut facilis error quo vel nulla. Optio earum quo eveniet. Qui error esse et ut nam vel.', 3, '2019-08-14 02:12:25', '2019-08-14 02:12:25'),
(262, 24, 'Lester Hartmann Jr.', 'Non est et sapiente consectetur similique hic iusto. Rerum quis dolores doloremque velit itaque aut. Veritatis dolor eveniet accusamus voluptas autem. Veniam provident voluptates itaque.', 2, '2019-08-14 02:12:25', '2019-08-14 02:12:25'),
(263, 39, 'Jammie Hoeger', 'Exercitationem perspiciatis mollitia impedit similique. Sequi autem voluptatem rerum. Esse dicta voluptatem ab sunt perferendis maiores quod. Et dolor unde ducimus sapiente voluptatem quidem qui. Quo maiores hic corrupti voluptatibus occaecati velit eveniet.', 1, '2019-08-14 02:12:25', '2019-08-14 02:12:25'),
(264, 24, 'Cole Hackett', 'Explicabo impedit omnis id dolorem. Eum sint et ex ducimus harum temporibus ratione laudantium. Modi similique voluptate quibusdam iure incidunt.', 5, '2019-08-14 02:12:25', '2019-08-14 02:12:25'),
(265, 49, 'Jazmin Kuhn IV', 'Consequuntur optio rerum non perferendis ea cupiditate. Inventore possimus in consequatur aspernatur mollitia optio rerum. Voluptatem officiis debitis sed sint.', 0, '2019-08-14 02:12:25', '2019-08-14 02:12:25'),
(266, 29, 'Evans Kertzmann', 'Sint perspiciatis natus sint dolor. Iusto eligendi perferendis ipsam sunt dicta et nihil.', 0, '2019-08-14 02:12:25', '2019-08-14 02:12:25'),
(267, 37, 'Donnie Abernathy', 'Ea temporibus dolores beatae hic doloremque provident. Quia sit eum assumenda ratione. Quis natus quod est et ipsam rem. Fugit voluptatem minima enim dolorem est aperiam ducimus.', 5, '2019-08-14 02:12:25', '2019-08-14 02:12:25'),
(268, 17, 'Merritt Bergstrom', 'Enim provident ut hic est. Harum nam voluptate consequatur neque est. Consectetur distinctio sit enim quisquam. Quam eligendi et iusto quas voluptatibus et.', 4, '2019-08-14 02:12:25', '2019-08-14 02:12:25'),
(269, 31, 'Lelah Crooks Jr.', 'Totam excepturi soluta totam culpa et et. Omnis labore velit ex id maiores qui. Excepturi sit sunt qui soluta et qui.', 5, '2019-08-14 02:12:25', '2019-08-14 02:12:25'),
(270, 19, 'Ephraim Lakin', 'Odit cumque aut accusantium quia quis voluptatem. Quia omnis soluta corrupti facere deserunt optio suscipit. Sequi voluptate autem doloremque eius repudiandae.', 3, '2019-08-14 02:12:25', '2019-08-14 02:12:25'),
(271, 9, 'Loyce Wisoky', 'Et pariatur ut ut quo perferendis. Quos cupiditate iusto est culpa molestiae et fuga est. Id molestiae doloribus aut temporibus enim consequatur iusto. Assumenda tempora exercitationem quia voluptas aut dolore.', 1, '2019-08-14 02:12:25', '2019-08-14 02:12:25'),
(272, 47, 'Mr. Emery Ratke', 'Libero assumenda ut incidunt et nostrum exercitationem corrupti. Odio praesentium dolorum aut reiciendis. Quae dolore adipisci culpa quia vitae. Quibusdam sed molestias qui velit et.', 1, '2019-08-14 02:12:25', '2019-08-14 02:12:25'),
(273, 40, 'Ray Gislason', 'Voluptatem voluptas maiores quos eos. Voluptates dolores aperiam dignissimos nemo sunt blanditiis. Sed dolorem consequatur molestiae. Accusamus adipisci sit ea itaque non.', 5, '2019-08-14 02:12:25', '2019-08-14 02:12:25'),
(274, 39, 'Edwin Cassin', 'Delectus et optio quaerat tenetur nam. Praesentium dicta molestias et quia omnis. Ipsam aut culpa cupiditate minima qui ab id dolorem. Aut rem voluptate aut.', 3, '2019-08-14 02:12:25', '2019-08-14 02:12:25'),
(275, 19, 'Dr. Carlo Bruen', 'Quis et nobis qui ut voluptatem omnis. Ipsum reprehenderit quasi veniam rerum officiis et. Quia id iste debitis nulla soluta.', 1, '2019-08-14 02:12:25', '2019-08-14 02:12:25'),
(276, 12, 'Kylie Jakubowski', 'Quam deserunt beatae sint voluptatum consequatur. Voluptatem harum labore quasi delectus. Officiis dignissimos aut sed facere consequatur adipisci.', 5, '2019-08-14 02:12:25', '2019-08-14 02:12:25'),
(277, 27, 'Bridie Wisoky', 'Qui et dolores debitis architecto error repellendus qui. Error dolorum officiis natus adipisci vitae modi at. Rem voluptatum omnis similique sit ipsum.', 1, '2019-08-14 02:12:25', '2019-08-14 02:12:25'),
(278, 25, 'Heaven Schroeder', 'Natus quo similique odio suscipit delectus debitis. Sint ut laudantium saepe delectus velit minus non. Libero nulla aut quisquam illum dignissimos placeat et.', 1, '2019-08-14 02:12:25', '2019-08-14 02:12:25'),
(279, 48, 'Eldred Botsford', 'Laboriosam nulla id ut non accusantium aut perferendis. Magni vel eligendi ut impedit. Iusto magnam ex est. Harum qui reiciendis facere qui ut eum.', 5, '2019-08-14 02:12:25', '2019-08-14 02:12:25'),
(280, 20, 'Brennan Morar', 'Recusandae quam quae ut fuga ex ea. Ducimus quo et quam maxime culpa. Explicabo nemo in ex dolor eius dolore vero.', 5, '2019-08-14 02:12:25', '2019-08-14 02:12:25'),
(281, 25, 'Dahlia Hamill', 'Est cum laborum quia vero. Aut at dolore impedit ipsam quia nemo. Alias vitae hic aut dolore porro dolorum mollitia facere. Dolor corporis maiores dolor ab modi quidem quo.', 4, '2019-08-14 02:12:25', '2019-08-14 02:12:25'),
(282, 6, 'Mrs. Kaelyn Lind Jr.', 'Et autem dolores voluptatem ad. Ipsa omnis qui iste autem. Doloribus vero officia asperiores perspiciatis quae amet eveniet sint. Ad placeat recusandae magni id soluta asperiores sint dolorem. Saepe unde iure ipsum aliquid optio facilis ullam ex.', 3, '2019-08-14 02:12:25', '2019-08-14 02:12:25'),
(283, 46, 'Miss Kaelyn Bruen', 'Voluptas aut magnam nam illum dolor. Tempora modi necessitatibus et sed. Quibusdam expedita inventore saepe. Itaque laudantium dolores sed sunt dolor ratione.', 4, '2019-08-14 02:12:25', '2019-08-14 02:12:25'),
(284, 23, 'Minnie Marks II', 'Excepturi rerum est necessitatibus nisi. Vel quis omnis ab iure iusto neque quod quod. Repudiandae laudantium sit molestias maiores consequuntur. Et dolores veniam asperiores impedit.', 1, '2019-08-14 02:12:25', '2019-08-14 02:12:25'),
(285, 5, 'Kattie Schneider', 'Amet dignissimos voluptas expedita. Aut consectetur sed praesentium quos quod.', 5, '2019-08-14 02:12:25', '2019-08-14 02:12:25'),
(286, 37, 'Mr. Adalberto Stroman Sr.', 'Odit provident rem et debitis. Repellendus assumenda et excepturi enim beatae error error.', 5, '2019-08-14 02:12:25', '2019-08-14 02:12:25'),
(287, 21, 'Mr. Ubaldo Heller', 'Ipsum provident laboriosam omnis impedit odio magni aspernatur. Ea vero qui impedit et inventore. Corporis tempore sint qui et tempore possimus illo. Explicabo ut quae tempore delectus. Quia fugiat tenetur ab eum deserunt delectus.', 4, '2019-08-14 02:12:25', '2019-08-14 02:12:25'),
(288, 39, 'Eriberto Thiel', 'Ut saepe consequatur quia eum voluptatum atque. Dolore dicta ut qui. Unde quod error commodi porro ea quo.', 1, '2019-08-14 02:12:25', '2019-08-14 02:12:25'),
(289, 34, 'Geovany Willms', 'Ipsa dolorum ducimus minus eos odio quis perspiciatis. Voluptatem non provident nam distinctio illum veritatis officiis. Cupiditate numquam omnis dolorem voluptates.', 2, '2019-08-14 02:12:25', '2019-08-14 02:12:25'),
(290, 42, 'Genesis Nienow', 'Eius et sint veniam omnis. Et veniam quos est facere. Nemo aspernatur voluptatem nisi quo. Tempore fugit qui voluptas totam quia sunt cumque est.', 3, '2019-08-14 02:12:25', '2019-08-14 02:12:25'),
(291, 48, 'Jeremie Lakin', 'Voluptas voluptatum rerum eum ab. Dolor ut assumenda culpa molestiae voluptas voluptatibus eligendi. Sapiente sit aut perspiciatis distinctio occaecati debitis aut.', 1, '2019-08-14 02:12:25', '2019-08-14 02:12:25'),
(292, 42, 'Alberto Roob IV', 'Qui voluptatum iste dolor aut voluptas a molestias. Nesciunt in earum esse nostrum eius et.', 3, '2019-08-14 02:12:25', '2019-08-14 02:12:25'),
(293, 47, 'Sydney King', 'Mollitia minus et molestiae dolores quidem. Veritatis consequatur possimus est repellendus laudantium numquam et veritatis. Voluptatem non qui sit laborum.', 3, '2019-08-14 02:12:25', '2019-08-14 02:12:25'),
(294, 20, 'Dr. Wyatt Ritchie', 'Aut odit quia corporis dolores est ad. Ipsum et voluptatem consequuntur. Esse mollitia occaecati quia ullam non. Minus eius sit labore dolor sit voluptate similique.', 1, '2019-08-14 02:12:25', '2019-08-14 02:12:25'),
(295, 29, 'Prof. Ethel Howell Jr.', 'Non ut voluptatem ipsa. Quia voluptas est id itaque rerum.', 2, '2019-08-14 02:12:25', '2019-08-14 02:12:25'),
(296, 15, 'Johnson Marks', 'Magni architecto et autem ut iste. Laborum sed est odio repudiandae excepturi tempore sit. Non quo sit illum mollitia ea. Molestiae perferendis quod impedit.', 4, '2019-08-14 02:12:25', '2019-08-14 02:12:25'),
(297, 31, 'Jodie Witting', 'Velit consequatur cumque voluptas optio et iste. Repellendus hic fuga facere consequatur quis. Ad libero et voluptas omnis earum voluptas aliquam. Nemo deserunt aut voluptas fugiat et omnis consequatur.', 2, '2019-08-14 02:12:25', '2019-08-14 02:12:25'),
(298, 45, 'Chyna Wintheiser', 'Id magnam sequi voluptas officiis similique. Veniam facere sit nulla delectus voluptatem veniam.', 5, '2019-08-14 02:12:25', '2019-08-14 02:12:25'),
(299, 25, 'Prof. Miguel Torp DDS', 'Odit veniam quibusdam ex molestiae quia harum. Dolorum voluptas saepe maiores non rem ut numquam. Veniam quae incidunt voluptas vel.', 3, '2019-08-14 02:12:25', '2019-08-14 02:12:25'),
(300, 28, 'Alexandre Wiegand', 'Nisi voluptas inventore excepturi quia quisquam sit quia atque. Doloribus voluptatem aut id debitis ex. Aliquam voluptatem est ut suscipit odit voluptas. Atque iste autem commodi sed error.', 5, '2019-08-14 02:12:25', '2019-08-14 02:12:25');

-- --------------------------------------------------------

--
-- Table structure for table `users`
--

CREATE TABLE `users` (
  `id` bigint(20) UNSIGNED NOT NULL,
  `name` varchar(255) COLLATE utf8mb4_unicode_ci NOT NULL,
  `email` varchar(255) COLLATE utf8mb4_unicode_ci NOT NULL,
  `email_verified_at` timestamp NULL DEFAULT NULL,
  `password` varchar(255) COLLATE utf8mb4_unicode_ci NOT NULL,
  `remember_token` varchar(100) COLLATE utf8mb4_unicode_ci DEFAULT NULL,
  `created_at` timestamp NULL DEFAULT NULL,
  `updated_at` timestamp NULL DEFAULT NULL
) ENGINE=InnoDB DEFAULT CHARSET=utf8mb4 COLLATE=utf8mb4_unicode_ci;

--
-- Indexes for dumped tables
--

--
-- Indexes for table `migrations`
--
ALTER TABLE `migrations`
  ADD PRIMARY KEY (`id`);

--
-- Indexes for table `password_resets`
--
ALTER TABLE `password_resets`
  ADD KEY `password_resets_email_index` (`email`);

--
-- Indexes for table `products`
--
ALTER TABLE `products`
  ADD PRIMARY KEY (`id`);

--
-- Indexes for table `reviews`
--
ALTER TABLE `reviews`
  ADD PRIMARY KEY (`id`),
  ADD KEY `reviews_product_id_index` (`product_id`);

--
-- Indexes for table `users`
--
ALTER TABLE `users`
  ADD PRIMARY KEY (`id`),
  ADD UNIQUE KEY `users_email_unique` (`email`);

--
-- AUTO_INCREMENT for dumped tables
--

--
-- AUTO_INCREMENT for table `migrations`
--
ALTER TABLE `migrations`
  MODIFY `id` int(10) UNSIGNED NOT NULL AUTO_INCREMENT, AUTO_INCREMENT=5;

--
-- AUTO_INCREMENT for table `products`
--
ALTER TABLE `products`
  MODIFY `id` int(10) UNSIGNED NOT NULL AUTO_INCREMENT, AUTO_INCREMENT=51;

--
-- AUTO_INCREMENT for table `reviews`
--
ALTER TABLE `reviews`
  MODIFY `id` int(10) UNSIGNED NOT NULL AUTO_INCREMENT, AUTO_INCREMENT=301;

--
-- AUTO_INCREMENT for table `users`
--
ALTER TABLE `users`
  MODIFY `id` bigint(20) UNSIGNED NOT NULL AUTO_INCREMENT;

--
-- Constraints for dumped tables
--

--
-- Constraints for table `reviews`
--
ALTER TABLE `reviews`
  ADD CONSTRAINT `reviews_product_id_foreign` FOREIGN KEY (`product_id`) REFERENCES `products` (`id`) ON DELETE CASCADE;
COMMIT;

/*!40101 SET CHARACTER_SET_CLIENT=@OLD_CHARACTER_SET_CLIENT */;
/*!40101 SET CHARACTER_SET_RESULTS=@OLD_CHARACTER_SET_RESULTS */;
/*!40101 SET COLLATION_CONNECTION=@OLD_COLLATION_CONNECTION */;
